LocID,Period,Year,Trajectory,Mig
246,2023,2023,1,0.00685
246,2024,2024,1,0.00383
246,2025,2025,1,0.00291
246,2026,2026,1,0.00355
246,2027,2027,1,0.00548
246,2028,2028,1,0.00558
246,2029,2029,1,0.00262
246,2030,2030,1,0.00522
246,2031,2031,1,0.0068
246,2032,2032,1,0.0027
246,2033,2033,1,0.00238
246,2034,2034,1,0.0028
246,2035,2035,1,0.00235
246,2036,2036,1,0.00211
246,2037,2037,1,0.00246
246,2038,2038,1,0.00305
246,2039,2039,1,0.00346
246,2040,2040,1,0.00211
246,2041,2041,1,0.00121
246,2042,2042,1,0.00273
246,2043,2043,1,0.00437
246,2044,2044,1,0.0055
246,2045,2045,1,0.00701
246,2046,2046,1,0.00754
246,2047,2047,1,0.00702
246,2048,2048,1,0.0055
246,2049,2049,1,0.00075
246,2050,2050,1,-0.00153
246,2051,2051,1,-0.00073
246,2052,2052,1,0.00242
246,2053,2053,1,0.00212
246,2054,2054,1,0.00279
246,2055,2055,1,0.00367
246,2056,2056,1,0.00165
246,2057,2057,1,0.00398
246,2058,2058,1,0.00427
246,2059,2059,1,0.00387
246,2060,2060,1,0.00371
246,2061,2061,1,0.00413
246,2062,2062,1,0.00645
246,2063,2063,1,0.00821
246,2064,2064,1,0.00864
246,2065,2065,1,0.00902
246,2066,2066,1,0.0103
246,2067,2067,1,0.00414
246,2068,2068,1,0.00393
246,2069,2069,1,0.00178
246,2070,2070,1,0.00201
246,2071,2071,1,0.00531
246,2072,2072,1,0.00634
246,2073,2073,1,0.00259
246,2074,2074,1,0.00106
246,2075,2075,1,-0.00056
246,2076,2076,1,-2e-05
246,2077,2077,1,0.00065
246,2078,2078,1,0.00386
246,2079,2079,1,0.00561
246,2080,2080,1,0.00452
246,2081,2081,1,0.00339
246,2082,2082,1,0.00386
246,2083,2083,1,0.00608
246,2084,2084,1,0.00489
246,2085,2085,1,0.00271
246,2086,2086,1,0.00549
246,2087,2087,1,0.00634
246,2088,2088,1,0.00707
246,2089,2089,1,0.00468
246,2090,2090,1,0.00674
246,2091,2091,1,0.00802
246,2092,2092,1,0.00466
246,2093,2093,1,0.01011
246,2094,2094,1,0.00979
246,2095,2095,1,0.01103
246,2096,2096,1,0.00886
246,2097,2097,1,0.00874
246,2098,2098,1,0.00676
246,2099,2099,1,0.00924
246,2100,2100,1,0.0106
246,2023,2023,21,0.00685
246,2024,2024,21,0.0019
246,2025,2025,21,-0.00098
246,2026,2026,21,-0.00113
246,2027,2027,21,-0.00122
246,2028,2028,21,-0.0032
246,2029,2029,21,-0.0047
246,2030,2030,21,-0.00414
246,2031,2031,21,-0.00602
246,2032,2032,21,-0.00664
246,2033,2033,21,-0.00543
246,2034,2034,21,-0.00435
246,2035,2035,21,-0.00276
246,2036,2036,21,-0.00229
246,2037,2037,21,-0.00417
246,2038,2038,21,-0.00116
246,2039,2039,21,-0.00059
246,2040,2040,21,0.00146
246,2041,2041,21,0.00026
246,2042,2042,21,-0.00213
246,2043,2043,21,-0.00213
246,2044,2044,21,-0.00111
246,2045,2045,21,-0.005
246,2046,2046,21,-0.00052
246,2047,2047,21,-0.00155
246,2048,2048,21,-0.00382
246,2049,2049,21,-0.00267
246,2050,2050,21,-0.00045
246,2051,2051,21,0.00057
246,2052,2052,21,0.00138
246,2053,2053,21,0.00052
246,2054,2054,21,-0.00272
246,2055,2055,21,3e-05
246,2056,2056,21,-0.00284
246,2057,2057,21,-0.00277
246,2058,2058,21,-0.00715
246,2059,2059,21,-0.00583
246,2060,2060,21,-0.00649
246,2061,2061,21,-0.00304
246,2062,2062,21,-0.00533
246,2063,2063,21,-0.00114
246,2064,2064,21,-0.00184
246,2065,2065,21,0.00076
246,2066,2066,21,-0.00057
246,2067,2067,21,-0.00193
246,2068,2068,21,-0.00258
246,2069,2069,21,-0.00258
246,2070,2070,21,-0.00225
246,2071,2071,21,-0.0025
246,2072,2072,21,-0.00249
246,2073,2073,21,-0.00384
246,2074,2074,21,-0.00426
246,2075,2075,21,-0.0039
246,2076,2076,21,-0.00473
246,2077,2077,21,-0.0051
246,2078,2078,21,-0.00526
246,2079,2079,21,0.00058
246,2080,2080,21,0.00123
246,2081,2081,21,-8e-04
246,2082,2082,21,-0.00146
246,2083,2083,21,-0.00209
246,2084,2084,21,0.00105
246,2085,2085,21,-0.0026
246,2086,2086,21,-0.00036
246,2087,2087,21,-0.00098
246,2088,2088,21,-0.00067
246,2089,2089,21,-0.00059
246,2090,2090,21,-0.00231
246,2091,2091,21,-0.00049
246,2092,2092,21,0.00265
246,2093,2093,21,0.00067
246,2094,2094,21,0.00378
246,2095,2095,21,0.00549
246,2096,2096,21,0.00132
246,2097,2097,21,0.00074
246,2098,2098,21,0.00042
246,2099,2099,21,-0.00073
246,2100,2100,21,-0.00401
246,2023,2023,42,0.00685
246,2024,2024,42,0.00258
246,2025,2025,42,0.0025
246,2026,2026,42,-9e-05
246,2027,2027,42,-5e-04
246,2028,2028,42,0.0022
246,2029,2029,42,0.00302
246,2030,2030,42,0.0034
246,2031,2031,42,0.00231
246,2032,2032,42,0.00065
246,2033,2033,42,0.00015
246,2034,2034,42,-9e-05
246,2035,2035,42,0.00045
246,2036,2036,42,0.00089
246,2037,2037,42,0.00012
246,2038,2038,42,0.00227
246,2039,2039,42,-7e-04
246,2040,2040,42,-7e-05
246,2041,2041,42,-0.00178
246,2042,2042,42,-0.00034
246,2043,2043,42,5e-05
246,2044,2044,42,-0.00021
246,2045,2045,42,0.00156
246,2046,2046,42,0.00282
246,2047,2047,42,0.00098
246,2048,2048,42,0.00257
246,2049,2049,42,0.00216
246,2050,2050,42,0.00067
246,2051,2051,42,0.00048
246,2052,2052,42,4e-05
246,2053,2053,42,-0.00176
246,2054,2054,42,0.00157
246,2055,2055,42,0.00049
246,2056,2056,42,0.00155
246,2057,2057,42,0.00277
246,2058,2058,42,0.00048
246,2059,2059,42,0.00063
246,2060,2060,42,0.00259
246,2061,2061,42,-3e-05
246,2062,2062,42,0.00108
246,2063,2063,42,0.00165
246,2064,2064,42,0.00252
246,2065,2065,42,0.00471
246,2066,2066,42,0.00675
246,2067,2067,42,0.00636
246,2068,2068,42,0.00572
246,2069,2069,42,0.00369
246,2070,2070,42,0.00316
246,2071,2071,42,0.00193
246,2072,2072,42,0.00545
246,2073,2073,42,0.00289
246,2074,2074,42,9e-04
246,2075,2075,42,0.00153
246,2076,2076,42,0.00254
246,2077,2077,42,0.00261
246,2078,2078,42,0.00225
246,2079,2079,42,0.00112
246,2080,2080,42,-0.00051
246,2081,2081,42,0.00101
246,2082,2082,42,0.00278
246,2083,2083,42,0.00301
246,2084,2084,42,0.00129
246,2085,2085,42,0.0027
246,2086,2086,42,0.00177
246,2087,2087,42,0.00064
246,2088,2088,42,0.00174
246,2089,2089,42,0.00103
246,2090,2090,42,0.00034
246,2091,2091,42,-0.00159
246,2092,2092,42,-6e-04
246,2093,2093,42,-0.00017
246,2094,2094,42,0.00391
246,2095,2095,42,0.00309
246,2096,2096,42,-0.00055
246,2097,2097,42,0.00043
246,2098,2098,42,0.00178
246,2099,2099,42,0.00335
246,2100,2100,42,0.00335
246,2023,2023,62,0.00685
246,2024,2024,62,0.00347
246,2025,2025,62,0.00404
246,2026,2026,62,0.0021
246,2027,2027,62,-0.00175
246,2028,2028,62,0.00245
246,2029,2029,62,0.00248
246,2030,2030,62,0.00486
246,2031,2031,62,0.00889
246,2032,2032,62,0.00949
246,2033,2033,62,0.00559
246,2034,2034,62,0.00465
246,2035,2035,62,0.00112
246,2036,2036,62,0.00074
246,2037,2037,62,0.00137
246,2038,2038,62,-0.00182
246,2039,2039,62,-0.00136
246,2040,2040,62,0.00301
246,2041,2041,62,0.00208
246,2042,2042,62,0.00088
246,2043,2043,62,0.00173
246,2044,2044,62,-0.00156
246,2045,2045,62,0.00165
246,2046,2046,62,-0.00032
246,2047,2047,62,0.00213
246,2048,2048,62,-0.00325
246,2049,2049,62,-0.00295
246,2050,2050,62,0.00622
246,2051,2051,62,0.00517
246,2052,2052,62,0.00452
246,2053,2053,62,0.00629
246,2054,2054,62,0.00421
246,2055,2055,62,0.00507
246,2056,2056,62,0.00464
246,2057,2057,62,0.00404
246,2058,2058,62,0.00353
246,2059,2059,62,0.00263
246,2060,2060,62,0.00333
246,2061,2061,62,0.0016
246,2062,2062,62,0.00374
246,2063,2063,62,-1e-05
246,2064,2064,62,0.00233
246,2065,2065,62,0.00477
246,2066,2066,62,0.00419
246,2067,2067,62,0.00179
246,2068,2068,62,0.00425
246,2069,2069,62,0.00619
246,2070,2070,62,0.00303
246,2071,2071,62,0.00302
246,2072,2072,62,0.004
246,2073,2073,62,0.00054
246,2074,2074,62,0.00232
246,2075,2075,62,0.00031
246,2076,2076,62,3e-05
246,2077,2077,62,0.00019
246,2078,2078,62,-5e-05
246,2079,2079,62,-5e-05
246,2080,2080,62,-0.00105
246,2081,2081,62,0.00053
246,2082,2082,62,-0.00198
246,2083,2083,62,-0.00065
246,2084,2084,62,0.00054
246,2085,2085,62,1e-04
246,2086,2086,62,0.00257
246,2087,2087,62,0.00297
246,2088,2088,62,0.00426
246,2089,2089,62,0.00216
246,2090,2090,62,0.00108
246,2091,2091,62,-1e-05
246,2092,2092,62,0.00131
246,2093,2093,62,0.00187
246,2094,2094,62,0.00193
246,2095,2095,62,-0.00306
246,2096,2096,62,-0.00363
246,2097,2097,62,-0.00353
246,2098,2098,62,-0.00124
246,2099,2099,62,-0.00344
246,2100,2100,62,-0.00171
246,2023,2023,83,0.00685
246,2024,2024,83,0.00242
246,2025,2025,83,0.0012
246,2026,2026,83,0.00477
246,2027,2027,83,0.00522
246,2028,2028,83,0.00216
246,2029,2029,83,-1e-05
246,2030,2030,83,-0.00203
246,2031,2031,83,-0.00342
246,2032,2032,83,-0.00634
246,2033,2033,83,-0.00651
246,2034,2034,83,-0.00539
246,2035,2035,83,-0.00458
246,2036,2036,83,-0.00337
246,2037,2037,83,-0.00271
246,2038,2038,83,-0.00247
246,2039,2039,83,0.00014
246,2040,2040,83,0.00159
246,2041,2041,83,0.00209
246,2042,2042,83,0.00178
246,2043,2043,83,0.00302
246,2044,2044,83,-0.00038
246,2045,2045,83,-0.00147
246,2046,2046,83,2e-05
246,2047,2047,83,-0.00088
246,2048,2048,83,-0.00069
246,2049,2049,83,-0.00133
246,2050,2050,83,0.00219
246,2051,2051,83,0.00238
246,2052,2052,83,0.00558
246,2053,2053,83,0.00766
246,2054,2054,83,0.00595
246,2055,2055,83,0.0066
246,2056,2056,83,0.0048
246,2057,2057,83,0.00469
246,2058,2058,83,0.00236
246,2059,2059,83,0.00257
246,2060,2060,83,0.00286
246,2061,2061,83,0.00291
246,2062,2062,83,0.00362
246,2063,2063,83,0.00314
246,2064,2064,83,0.00288
246,2065,2065,83,0.00353
246,2066,2066,83,0.00347
246,2067,2067,83,0.00571
246,2068,2068,83,0.00535
246,2069,2069,83,0.00593
246,2070,2070,83,0.0041
246,2071,2071,83,0.0019
246,2072,2072,83,0.00434
246,2073,2073,83,0.0061
246,2074,2074,83,0.00472
246,2075,2075,83,0.00547
246,2076,2076,83,0.00268
246,2077,2077,83,0.0031
246,2078,2078,83,0.00088
246,2079,2079,83,0.00064
246,2080,2080,83,-0.00113
246,2081,2081,83,0.00353
246,2082,2082,83,0.00117
246,2083,2083,83,-0.00293
246,2084,2084,83,-0.00407
246,2085,2085,83,-0.00272
246,2086,2086,83,-0.00098
246,2087,2087,83,-0.00184
246,2088,2088,83,0.00385
246,2089,2089,83,0.00514
246,2090,2090,83,0.00234
246,2091,2091,83,0.0059
246,2092,2092,83,0.00512
246,2093,2093,83,0.0017
246,2094,2094,83,0.00065
246,2095,2095,83,-0.00066
246,2096,2096,83,-0.00043
246,2097,2097,83,-0.00129
246,2098,2098,83,0.00229
246,2099,2099,83,0.00283
246,2100,2100,83,0.00437
246,2023,2023,103,0.00685
246,2024,2024,103,0.00307
246,2025,2025,103,0.00288
246,2026,2026,103,0.00086
246,2027,2027,103,0.00182
246,2028,2028,103,0.00122
246,2029,2029,103,0.00533
246,2030,2030,103,0.00315
246,2031,2031,103,0.00249
246,2032,2032,103,0.00229
246,2033,2033,103,0.00339
246,2034,2034,103,0.00352
246,2035,2035,103,0.00543
246,2036,2036,103,0.00514
246,2037,2037,103,0.00536
246,2038,2038,103,0.00483
246,2039,2039,103,0.0031
246,2040,2040,103,0.00417
246,2041,2041,103,0.00412
246,2042,2042,103,0.00367
246,2043,2043,103,0.00308
246,2044,2044,103,-0.00261
246,2045,2045,103,-0.00229
246,2046,2046,103,0.00138
246,2047,2047,103,0.00211
246,2048,2048,103,0.00532
246,2049,2049,103,0.00874
246,2050,2050,103,0.007
246,2051,2051,103,0.00296
246,2052,2052,103,0.00198
246,2053,2053,103,0.00374
246,2054,2054,103,0.0019
246,2055,2055,103,0.00226
246,2056,2056,103,0.0041
246,2057,2057,103,0.003
246,2058,2058,103,0.00048
246,2059,2059,103,-0.00087
246,2060,2060,103,-0.00298
246,2061,2061,103,-0.00109
246,2062,2062,103,-0.00219
246,2063,2063,103,-0.00257
246,2064,2064,103,-0.00233
246,2065,2065,103,-0.00101
246,2066,2066,103,-0.00017
246,2067,2067,103,-0.00024
246,2068,2068,103,-0.00138
246,2069,2069,103,-0.00128
246,2070,2070,103,-0.00366
246,2071,2071,103,-0.0022
246,2072,2072,103,-0.0049
246,2073,2073,103,-0.00601
246,2074,2074,103,-0.00743
246,2075,2075,103,-0.00755
246,2076,2076,103,-0.0062
246,2077,2077,103,-0.007
246,2078,2078,103,-0.00563
246,2079,2079,103,-0.00444
246,2080,2080,103,-0.003
246,2081,2081,103,-0.00268
246,2082,2082,103,-0.0026
246,2083,2083,103,-1e-05
246,2084,2084,103,3e-04
246,2085,2085,103,0.00186
246,2086,2086,103,0.00472
246,2087,2087,103,0.00083
246,2088,2088,103,0.00129
246,2089,2089,103,0.00219
246,2090,2090,103,0.00315
246,2091,2091,103,-0.00148
246,2092,2092,103,-0.00456
246,2093,2093,103,-0.00098
246,2094,2094,103,-0.00405
246,2095,2095,103,-0.00279
246,2096,2096,103,-0.00314
246,2097,2097,103,-0.00269
246,2098,2098,103,-0.00079
246,2099,2099,103,-0.00376
246,2100,2100,103,-0.00376
246,2023,2023,123,0.00685
246,2024,2024,123,0.00458
246,2025,2025,123,0.00109
246,2026,2026,123,4e-05
246,2027,2027,123,0.00142
246,2028,2028,123,0.00135
246,2029,2029,123,0.00271
246,2030,2030,123,0.00278
246,2031,2031,123,7e-05
246,2032,2032,123,0.00253
246,2033,2033,123,0.00285
246,2034,2034,123,0.00075
246,2035,2035,123,0.00371
246,2036,2036,123,0.0051
246,2037,2037,123,0.00315
246,2038,2038,123,0.00367
246,2039,2039,123,0.00481
246,2040,2040,123,0.00645
246,2041,2041,123,0.00309
246,2042,2042,123,0.00234
246,2043,2043,123,0.00486
246,2044,2044,123,0.00364
246,2045,2045,123,0.00366
246,2046,2046,123,0.00198
246,2047,2047,123,0.00175
246,2048,2048,123,0.00207
246,2049,2049,123,-0.00285
246,2050,2050,123,-0.0032
246,2051,2051,123,-0.00342
246,2052,2052,123,-0.00285
246,2053,2053,123,-0.00277
246,2054,2054,123,0.00053
246,2055,2055,123,0.00119
246,2056,2056,123,0.00178
246,2057,2057,123,0.00475
246,2058,2058,123,0.00539
246,2059,2059,123,0.00421
246,2060,2060,123,-0.00057
246,2061,2061,123,0.00117
246,2062,2062,123,0.00189
246,2063,2063,123,0.00262
246,2064,2064,123,0.00237
246,2065,2065,123,0.00495
246,2066,2066,123,0.00197
246,2067,2067,123,0.00558
246,2068,2068,123,0.00504
246,2069,2069,123,0.00275
246,2070,2070,123,0.00662
246,2071,2071,123,0.00561
246,2072,2072,123,0.00399
246,2073,2073,123,0.00659
246,2074,2074,123,0.00446
246,2075,2075,123,0.0043
246,2076,2076,123,0.00354
246,2077,2077,123,0.00586
246,2078,2078,123,0.00678
246,2079,2079,123,0.00169
246,2080,2080,123,-0.00053
246,2081,2081,123,0.00248
246,2082,2082,123,-0.00151
246,2083,2083,123,-0.00128
246,2084,2084,123,-0.00202
246,2085,2085,123,0.00189
246,2086,2086,123,-0.00149
246,2087,2087,123,0.00204
246,2088,2088,123,0.00304
246,2089,2089,123,0.00401
246,2090,2090,123,0.00146
246,2091,2091,123,0.00271
246,2092,2092,123,0.0016
246,2093,2093,123,0.00047
246,2094,2094,123,0.00055
246,2095,2095,123,-0.00251
246,2096,2096,123,-0.00305
246,2097,2097,123,-0.00056
246,2098,2098,123,-0.00255
246,2099,2099,123,-0.00168
246,2100,2100,123,-0.0035
246,2023,2023,144,0.00685
246,2024,2024,144,0.00324
246,2025,2025,144,0.00029
246,2026,2026,144,-0.00151
246,2027,2027,144,0.00053
246,2028,2028,144,0.00038
246,2029,2029,144,0.00214
246,2030,2030,144,0.00207
246,2031,2031,144,0.00042
246,2032,2032,144,0.00217
246,2033,2033,144,0.00207
246,2034,2034,144,-0.00031
246,2035,2035,144,4e-05
246,2036,2036,144,-0.00183
246,2037,2037,144,0.00149
246,2038,2038,144,0.00182
246,2039,2039,144,0.00449
246,2040,2040,144,8e-04
246,2041,2041,144,-0.00046
246,2042,2042,144,0.00041
246,2043,2043,144,-0.00036
246,2044,2044,144,-0.00171
246,2045,2045,144,-8e-05
246,2046,2046,144,0.0028
246,2047,2047,144,0.00381
246,2048,2048,144,0.00427
246,2049,2049,144,0.00012
246,2050,2050,144,0.00054
246,2051,2051,144,0.00044
246,2052,2052,144,-0.00126
246,2053,2053,144,0.00138
246,2054,2054,144,0.00385
246,2055,2055,144,0.00304
246,2056,2056,144,0.00337
246,2057,2057,144,0.00499
246,2058,2058,144,0.00643
246,2059,2059,144,0.00506
246,2060,2060,144,0.00651
246,2061,2061,144,0.00858
246,2062,2062,144,0.00676
246,2063,2063,144,0.00883
246,2064,2064,144,0.00657
246,2065,2065,144,0.00455
246,2066,2066,144,0.00245
246,2067,2067,144,0.00247
246,2068,2068,144,0.00245
246,2069,2069,144,0.00214
246,2070,2070,144,0.0012
246,2071,2071,144,0.00054
246,2072,2072,144,0.00379
246,2073,2073,144,0.00121
246,2074,2074,144,0.00263
246,2075,2075,144,0.00526
246,2076,2076,144,0.00525
246,2077,2077,144,0.0057
246,2078,2078,144,0.00398
246,2079,2079,144,0.00121
246,2080,2080,144,0.00219
246,2081,2081,144,0.00293
246,2082,2082,144,-9e-04
246,2083,2083,144,-0.00123
246,2084,2084,144,-0.00029
246,2085,2085,144,-0.00077
246,2086,2086,144,-0.00174
246,2087,2087,144,-0.00078
246,2088,2088,144,-0.00022
246,2089,2089,144,0.00293
246,2090,2090,144,6e-04
246,2091,2091,144,-0.00035
246,2092,2092,144,-0.00139
246,2093,2093,144,-0.00277
246,2094,2094,144,-0.00254
246,2095,2095,144,-0.00137
246,2096,2096,144,-0.00261
246,2097,2097,144,-0.00075
246,2098,2098,144,0.00087
246,2099,2099,144,0.001
246,2100,2100,144,-2e-04
246,2023,2023,164,0.00685
246,2024,2024,164,0.00688
246,2025,2025,164,0.00598
246,2026,2026,164,0.0091
246,2027,2027,164,0.0078
246,2028,2028,164,0.00188
246,2029,2029,164,0.00367
246,2030,2030,164,0.00667
246,2031,2031,164,0.00775
246,2032,2032,164,0.0069
246,2033,2033,164,0.00456
246,2034,2034,164,0.00372
246,2035,2035,164,0.00098
246,2036,2036,164,0.00026
246,2037,2037,164,0.001
246,2038,2038,164,0.00216
246,2039,2039,164,-0.00078
246,2040,2040,164,0.00051
246,2041,2041,164,-0.00234
246,2042,2042,164,-0.00275
246,2043,2043,164,-0.00262
246,2044,2044,164,-0.00274
246,2045,2045,164,-0.00295
246,2046,2046,164,-0.00319
246,2047,2047,164,-0.00164
246,2048,2048,164,-0.00028
246,2049,2049,164,-0.00275
246,2050,2050,164,-0.00286
246,2051,2051,164,-0.00191
246,2052,2052,164,-0.00389
246,2053,2053,164,-0.00921
246,2054,2054,164,-0.00949
246,2055,2055,164,-0.01195
246,2056,2056,164,-0.01146
246,2057,2057,164,-0.01005
246,2058,2058,164,-0.01208
246,2059,2059,164,-0.01394
246,2060,2060,164,-0.01334
246,2061,2061,164,-0.0136
246,2062,2062,164,-0.01301
246,2063,2063,164,-0.01186
246,2064,2064,164,-0.01195
246,2065,2065,164,-0.01098
246,2066,2066,164,-0.01027
246,2067,2067,164,-0.00699
246,2068,2068,164,-0.00838
246,2069,2069,164,-0.00627
246,2070,2070,164,-0.01006
246,2071,2071,164,-0.00978
246,2072,2072,164,-0.01229
246,2073,2073,164,-0.0132
246,2074,2074,164,-0.01007
246,2075,2075,164,-0.00987
246,2076,2076,164,-0.00777
246,2077,2077,164,-0.00661
246,2078,2078,164,-0.00547
246,2079,2079,164,-0.00459
246,2080,2080,164,-0.00319
246,2081,2081,164,-0.00311
246,2082,2082,164,-0.00456
246,2083,2083,164,-0.00412
246,2084,2084,164,-0.00621
246,2085,2085,164,-0.00126
246,2086,2086,164,-0.00246
246,2087,2087,164,-0.00197
246,2088,2088,164,-0.00082
246,2089,2089,164,-0.00168
246,2090,2090,164,-0.00242
246,2091,2091,164,-0.00117
246,2092,2092,164,0.0023
246,2093,2093,164,0.00074
246,2094,2094,164,-0.00177
246,2095,2095,164,0.00196
246,2096,2096,164,-0.00062
246,2097,2097,164,0.00257
246,2098,2098,164,0.00133
246,2099,2099,164,-0.00014
246,2100,2100,164,0.00262
246,2023,2023,184,0.00685
246,2024,2024,184,0.00262
246,2025,2025,184,0.00257
246,2026,2026,184,0.00045
246,2027,2027,184,0.00236
246,2028,2028,184,0.00275
246,2029,2029,184,0.00227
246,2030,2030,184,0.00136
246,2031,2031,184,-0.00342
246,2032,2032,184,-0.00233
246,2033,2033,184,-0.00581
246,2034,2034,184,-0.00173
246,2035,2035,184,-0.00038
246,2036,2036,184,0.00146
246,2037,2037,184,0.00244
246,2038,2038,184,0.00263
246,2039,2039,184,0.00176
246,2040,2040,184,0.00019
246,2041,2041,184,-0.00151
246,2042,2042,184,-0.0032
246,2043,2043,184,-0.00256
246,2044,2044,184,-0.00438
246,2045,2045,184,-0.00511
246,2046,2046,184,-0.00226
246,2047,2047,184,0.00148
246,2048,2048,184,0.00064
246,2049,2049,184,0.00517
246,2050,2050,184,0.0055
246,2051,2051,184,0.00384
246,2052,2052,184,0.00338
246,2053,2053,184,0.00345
246,2054,2054,184,0.00513
246,2055,2055,184,0.0045
246,2056,2056,184,0.0083
246,2057,2057,184,0.00599
246,2058,2058,184,0.00665
246,2059,2059,184,0.00648
246,2060,2060,184,0.00496
246,2061,2061,184,0.00573
246,2062,2062,184,0.00585
246,2063,2063,184,0.00747
246,2064,2064,184,0.00823
246,2065,2065,184,0.00552
246,2066,2066,184,0.00201
246,2067,2067,184,0.00126
246,2068,2068,184,-0.00021
246,2069,2069,184,-0.00048
246,2070,2070,184,0.00094
246,2071,2071,184,4e-04
246,2072,2072,184,-0.00188
246,2073,2073,184,-0.00362
246,2074,2074,184,-0.00533
246,2075,2075,184,-0.00428
246,2076,2076,184,-0.00482
246,2077,2077,184,-0.00527
246,2078,2078,184,-0.0029
246,2079,2079,184,-0.00361
246,2080,2080,184,0.00029
246,2081,2081,184,6e-05
246,2082,2082,184,0.00178
246,2083,2083,184,0.00057
246,2084,2084,184,-0.00039
246,2085,2085,184,-0.00175
246,2086,2086,184,-0.00092
246,2087,2087,184,-0.00291
246,2088,2088,184,-0.00146
246,2089,2089,184,-0.00177
246,2090,2090,184,0.00085
246,2091,2091,184,0.00031
246,2092,2092,184,0.0018
246,2093,2093,184,0.0038
246,2094,2094,184,0.00073
246,2095,2095,184,-0.00082
246,2096,2096,184,-0.00079
246,2097,2097,184,-0.00152
246,2098,2098,184,-0.00111
246,2099,2099,184,-0.00087
246,2100,2100,184,0.00011
246,2023,2023,205,0.00685
246,2024,2024,205,0.00228
246,2025,2025,205,-0.00123
246,2026,2026,205,-7e-04
246,2027,2027,205,-0.00022
246,2028,2028,205,-0.00318
246,2029,2029,205,-0.00111
246,2030,2030,205,-0.00348
246,2031,2031,205,-0.00144
246,2032,2032,205,-0.00112
246,2033,2033,205,0.00338
246,2034,2034,205,0.00171
246,2035,2035,205,0.00212
246,2036,2036,205,0.00358
246,2037,2037,205,0.00528
246,2038,2038,205,0.00382
246,2039,2039,205,0.00381
246,2040,2040,205,0.00142
246,2041,2041,205,0.00238
246,2042,2042,205,0.00161
246,2043,2043,205,0.00217
246,2044,2044,205,-2e-05
246,2045,2045,205,-0.00193
246,2046,2046,205,0.00207
246,2047,2047,205,0.00067
246,2048,2048,205,3e-04
246,2049,2049,205,-0.00159
246,2050,2050,205,-1e-04
246,2051,2051,205,-0.00088
246,2052,2052,205,-0.00261
246,2053,2053,205,-0.00225
246,2054,2054,205,-0.00238
246,2055,2055,205,-0.00271
246,2056,2056,205,0.00236
246,2057,2057,205,0.004
246,2058,2058,205,0.00666
246,2059,2059,205,0.00539
246,2060,2060,205,0.00525
246,2061,2061,205,0.00862
246,2062,2062,205,0.00549
246,2063,2063,205,0.00537
246,2064,2064,205,0.00039
246,2065,2065,205,-0.0016
246,2066,2066,205,0.00121
246,2067,2067,205,0.00128
246,2068,2068,205,0.00126
246,2069,2069,205,0.00025
246,2070,2070,205,-0.00189
246,2071,2071,205,-0.00224
246,2072,2072,205,0.00092
246,2073,2073,205,0.00078
246,2074,2074,205,0.00234
246,2075,2075,205,0.00674
246,2076,2076,205,0.00805
246,2077,2077,205,0.0057
246,2078,2078,205,0.00269
246,2079,2079,205,0.00291
246,2080,2080,205,-0.00028
246,2081,2081,205,-0.0021
246,2082,2082,205,0.00038
246,2083,2083,205,-0.00237
246,2084,2084,205,0.00072
246,2085,2085,205,-0.00081
246,2086,2086,205,-0.00335
246,2087,2087,205,-0.00237
246,2088,2088,205,-0.00035
246,2089,2089,205,0.0037
246,2090,2090,205,0.00242
246,2091,2091,205,0.00337
246,2092,2092,205,0.00461
246,2093,2093,205,0.00416
246,2094,2094,205,0.00644
246,2095,2095,205,0.00267
246,2096,2096,205,0.00316
246,2097,2097,205,0.00155
246,2098,2098,205,-0.00118
246,2099,2099,205,0.00049
246,2100,2100,205,0.00307
246,2023,2023,225,0.00685
246,2024,2024,225,0.0019
246,2025,2025,225,-6e-05
246,2026,2026,225,0.00245
246,2027,2027,225,0.00341
246,2028,2028,225,-0.00017
246,2029,2029,225,-0.00076
246,2030,2030,225,-0.00154
246,2031,2031,225,-0.00261
246,2032,2032,225,-0.00055
246,2033,2033,225,0.00215
246,2034,2034,225,0.00429
246,2035,2035,225,0.00389
246,2036,2036,225,0.00531
246,2037,2037,225,0.00442
246,2038,2038,225,0.00392
246,2039,2039,225,0.00206
246,2040,2040,225,0.00048
246,2041,2041,225,0.00304
246,2042,2042,225,0.00261
246,2043,2043,225,0.00243
246,2044,2044,225,0.00018
246,2045,2045,225,-0.00019
246,2046,2046,225,0.00175
246,2047,2047,225,-0.00031
246,2048,2048,225,-5e-04
246,2049,2049,225,-0.00283
246,2050,2050,225,-0.00203
246,2051,2051,225,-0.00164
246,2052,2052,225,0.00031
246,2053,2053,225,0.00437
246,2054,2054,225,0.00657
246,2055,2055,225,0.00708
246,2056,2056,225,0.00455
246,2057,2057,225,0.00653
246,2058,2058,225,0.00587
246,2059,2059,225,0.00122
246,2060,2060,225,0.00168
246,2061,2061,225,0.00369
246,2062,2062,225,0.00465
246,2063,2063,225,0.00619
246,2064,2064,225,0.00574
246,2065,2065,225,0.00342
246,2066,2066,225,0.0035
246,2067,2067,225,0.00474
246,2068,2068,225,0.00443
246,2069,2069,225,0.00512
246,2070,2070,225,0.00548
246,2071,2071,225,0.00299
246,2072,2072,225,0.00193
246,2073,2073,225,0.00341
246,2074,2074,225,0.00181
246,2075,2075,225,0.00025
246,2076,2076,225,0.00023
246,2077,2077,225,0.00238
246,2078,2078,225,0.00125
246,2079,2079,225,0.00311
246,2080,2080,225,0.00314
246,2081,2081,225,0.00421
246,2082,2082,225,0.00452
246,2083,2083,225,0.00602
246,2084,2084,225,0.00814
246,2085,2085,225,0.00604
246,2086,2086,225,-0.00028
246,2087,2087,225,0.00129
246,2088,2088,225,0.00182
246,2089,2089,225,0.00215
246,2090,2090,225,0.00105
246,2091,2091,225,0.00275
246,2092,2092,225,0.00376
246,2093,2093,225,0.00084
246,2094,2094,225,0.00142
246,2095,2095,225,-2e-04
246,2096,2096,225,0.00257
246,2097,2097,225,0.00331
246,2098,2098,225,0.00342
246,2099,2099,225,0.00192
246,2100,2100,225,3e-04
246,2023,2023,246,0.00685
246,2024,2024,246,0.00274
246,2025,2025,246,0.00208
246,2026,2026,246,0.00151
246,2027,2027,246,0.00105
246,2028,2028,246,8e-04
246,2029,2029,246,-0.00096
246,2030,2030,246,9e-05
246,2031,2031,246,0.00255
246,2032,2032,246,0.00077
246,2033,2033,246,0.00127
246,2034,2034,246,-0.00097
246,2035,2035,246,6e-04
246,2036,2036,246,0.00092
246,2037,2037,246,0.00055
246,2038,2038,246,-0.0023
246,2039,2039,246,-0.00312
246,2040,2040,246,-0.00428
246,2041,2041,246,-0.00467
246,2042,2042,246,-0.00483
246,2043,2043,246,-0.0032
246,2044,2044,246,-0.00242
246,2045,2045,246,-0.00368
246,2046,2046,246,-0.00218
246,2047,2047,246,-0.00267
246,2048,2048,246,-0.00017
246,2049,2049,246,0.00207
246,2050,2050,246,0.00171
246,2051,2051,246,0.00107
246,2052,2052,246,0.00279
246,2053,2053,246,0.00053
246,2054,2054,246,-0.00078
246,2055,2055,246,7e-04
246,2056,2056,246,-0.00203
246,2057,2057,246,-0.00093
246,2058,2058,246,-7e-05
246,2059,2059,246,-0.00104
246,2060,2060,246,-0.0026
246,2061,2061,246,-3e-04
246,2062,2062,246,-0.00066
246,2063,2063,246,-0.00117
246,2064,2064,246,-0.00327
246,2065,2065,246,-0.00147
246,2066,2066,246,-0.00135
246,2067,2067,246,-0.00442
246,2068,2068,246,-0.00414
246,2069,2069,246,-0.00139
246,2070,2070,246,-0.00053
246,2071,2071,246,-9e-05
246,2072,2072,246,-0.00104
246,2073,2073,246,-0.00062
246,2074,2074,246,-0.00264
246,2075,2075,246,0.00181
246,2076,2076,246,0.0015
246,2077,2077,246,0.00087
246,2078,2078,246,-0.00071
246,2079,2079,246,-0.00231
246,2080,2080,246,-0.00385
246,2081,2081,246,-0.00441
246,2082,2082,246,-0.00278
246,2083,2083,246,-0.00166
246,2084,2084,246,-0.00213
246,2085,2085,246,-0.0022
246,2086,2086,246,-0.00264
246,2087,2087,246,0.00083
246,2088,2088,246,-0.00069
246,2089,2089,246,0.00175
246,2090,2090,246,0.00315
246,2091,2091,246,0.00492
246,2092,2092,246,0.00304
246,2093,2093,246,0.00318
246,2094,2094,246,0.00082
246,2095,2095,246,-0.00057
246,2096,2096,246,0.00027
246,2097,2097,246,-0.00225
246,2098,2098,246,-0.00169
246,2099,2099,246,-0.00092
246,2100,2100,246,0.0023
246,2023,2023,266,0.00685
246,2024,2024,266,0.00305
246,2025,2025,266,0.00212
246,2026,2026,266,0.00039
246,2027,2027,266,-0.00139
246,2028,2028,266,-0.00235
246,2029,2029,266,-0.00401
246,2030,2030,266,-0.00334
246,2031,2031,266,-0.00109
246,2032,2032,266,0.00252
246,2033,2033,266,0.00384
246,2034,2034,266,0.00354
246,2035,2035,266,0.00097
246,2036,2036,266,0.00063
246,2037,2037,266,0.00011
246,2038,2038,266,0.00184
246,2039,2039,266,0.00062
246,2040,2040,266,0.00105
246,2041,2041,266,0.0015
246,2042,2042,266,0.00539
246,2043,2043,266,0.00531
246,2044,2044,266,0.00613
246,2045,2045,266,0.00154
246,2046,2046,266,-0.00013
246,2047,2047,266,0.00084
246,2048,2048,266,-0.00071
246,2049,2049,266,0.00365
246,2050,2050,266,0.00323
246,2051,2051,266,0.00479
246,2052,2052,266,0.00584
246,2053,2053,266,0.00548
246,2054,2054,266,0.00608
246,2055,2055,266,0.00215
246,2056,2056,266,-0.00098
246,2057,2057,266,0.00141
246,2058,2058,266,-0.00046
246,2059,2059,266,-0.00117
246,2060,2060,266,-0.00441
246,2061,2061,266,-0.00136
246,2062,2062,266,0.00184
246,2063,2063,266,0.003
246,2064,2064,266,0.00333
246,2065,2065,266,0.00342
246,2066,2066,266,0.0056
246,2067,2067,266,0.00257
246,2068,2068,266,0.00045
246,2069,2069,266,0.00264
246,2070,2070,266,0.00035
246,2071,2071,266,-7e-05
246,2072,2072,266,0.00049
246,2073,2073,266,-0.00213
246,2074,2074,266,-0.00363
246,2075,2075,266,-0.00283
246,2076,2076,266,-0.00318
246,2077,2077,266,0.00049
246,2078,2078,266,-0.00297
246,2079,2079,266,-0.00119
246,2080,2080,266,-0.00248
246,2081,2081,266,-0.00197
246,2082,2082,266,-0.00259
246,2083,2083,266,0.0014
246,2084,2084,266,-0.00023
246,2085,2085,266,-0.00111
246,2086,2086,266,-0.0041
246,2087,2087,266,-0.00058
246,2088,2088,266,-0.00125
246,2089,2089,266,-0.00164
246,2090,2090,266,-0.00077
246,2091,2091,266,-0.00157
246,2092,2092,266,-0.00427
246,2093,2093,266,-0.00372
246,2094,2094,266,-0.00299
246,2095,2095,266,-0.00257
246,2096,2096,266,-0.00248
246,2097,2097,266,-0.00369
246,2098,2098,266,-0.00245
246,2099,2099,266,-0.00133
246,2100,2100,266,-0.00222
246,2023,2023,286,0.00685
246,2024,2024,286,0.00578
246,2025,2025,286,0.00439
246,2026,2026,286,0.00471
246,2027,2027,286,0.00528
246,2028,2028,286,0.00254
246,2029,2029,286,0.00543
246,2030,2030,286,0.0044
246,2031,2031,286,0.00422
246,2032,2032,286,0.00111
246,2033,2033,286,0.00198
246,2034,2034,286,0.00233
246,2035,2035,286,0.00152
246,2036,2036,286,0.00072
246,2037,2037,286,0.00415
246,2038,2038,286,0.00831
246,2039,2039,286,0.00845
246,2040,2040,286,0.009
246,2041,2041,286,0.00881
246,2042,2042,286,0.00711
246,2043,2043,286,0.00556
246,2044,2044,286,0.00938
246,2045,2045,286,0.00987
246,2046,2046,286,0.0047
246,2047,2047,286,0.00231
246,2048,2048,286,0.00056
246,2049,2049,286,0.00208
246,2050,2050,286,0.00126
246,2051,2051,286,-0.0018
246,2052,2052,286,-0.00063
246,2053,2053,286,-0.00166
246,2054,2054,286,-0.00138
246,2055,2055,286,0.00282
246,2056,2056,286,0.00273
246,2057,2057,286,-9e-05
246,2058,2058,286,-0.00059
246,2059,2059,286,6e-05
246,2060,2060,286,-0.00047
246,2061,2061,286,0.00261
246,2062,2062,286,0.00139
246,2063,2063,286,0.00376
246,2064,2064,286,0.00589
246,2065,2065,286,0.00614
246,2066,2066,286,0.00518
246,2067,2067,286,0.00767
246,2068,2068,286,0.01105
246,2069,2069,286,0.00963
246,2070,2070,286,0.00975
246,2071,2071,286,0.0118
246,2072,2072,286,0.01557
246,2073,2073,286,0.01566
246,2074,2074,286,0.01623
246,2075,2075,286,0.01549
246,2076,2076,286,0.01386
246,2077,2077,286,0.01222
246,2078,2078,286,0.00875
246,2079,2079,286,0.0079
246,2080,2080,286,0.00525
246,2081,2081,286,0.00622
246,2082,2082,286,0.00071
246,2083,2083,286,0.00513
246,2084,2084,286,0.00222
246,2085,2085,286,0.00252
246,2086,2086,286,0.00079
246,2087,2087,286,0.00257
246,2088,2088,286,0.00133
246,2089,2089,286,0.00067
246,2090,2090,286,0.00044
246,2091,2091,286,-0.00076
246,2092,2092,286,0.00113
246,2093,2093,286,0.00244
246,2094,2094,286,0.00195
246,2095,2095,286,0.00209
246,2096,2096,286,0.00233
246,2097,2097,286,0.00063
246,2098,2098,286,0.00041
246,2099,2099,286,0.00312
246,2100,2100,286,0.00019
246,2023,2023,307,0.00685
246,2024,2024,307,0.00525
246,2025,2025,307,0.00501
246,2026,2026,307,0.00649
246,2027,2027,307,0.00395
246,2028,2028,307,0.00203
246,2029,2029,307,0.00219
246,2030,2030,307,0.00172
246,2031,2031,307,0.00137
246,2032,2032,307,0.00112
246,2033,2033,307,0.00321
246,2034,2034,307,0.00182
246,2035,2035,307,0.00311
246,2036,2036,307,0.00065
246,2037,2037,307,0.00301
246,2038,2038,307,-9e-04
246,2039,2039,307,0.00172
246,2040,2040,307,0.0035
246,2041,2041,307,0.005
246,2042,2042,307,0.00544
246,2043,2043,307,0.00323
246,2044,2044,307,0.00428
246,2045,2045,307,0.00476
246,2046,2046,307,0.00579
246,2047,2047,307,0.00266
246,2048,2048,307,0.00351
246,2049,2049,307,0.00644
246,2050,2050,307,0.00522
246,2051,2051,307,0.00018
246,2052,2052,307,0.00222
246,2053,2053,307,0.00278
246,2054,2054,307,0.00242
246,2055,2055,307,0.00095
246,2056,2056,307,0.00248
246,2057,2057,307,0.00233
246,2058,2058,307,0.00513
246,2059,2059,307,0.00439
246,2060,2060,307,0.00173
246,2061,2061,307,4e-04
246,2062,2062,307,0.00142
246,2063,2063,307,0.00327
246,2064,2064,307,0.00534
246,2065,2065,307,0.00403
246,2066,2066,307,0.0047
246,2067,2067,307,0.00224
246,2068,2068,307,0.00344
246,2069,2069,307,0.00636
246,2070,2070,307,0.00682
246,2071,2071,307,0.01041
246,2072,2072,307,0.00966
246,2073,2073,307,0.00747
246,2074,2074,307,0.00399
246,2075,2075,307,0.00749
246,2076,2076,307,0.00357
246,2077,2077,307,0.00185
246,2078,2078,307,0.00521
246,2079,2079,307,0.00517
246,2080,2080,307,0.00193
246,2081,2081,307,0.00152
246,2082,2082,307,0.00138
246,2083,2083,307,0.00345
246,2084,2084,307,0.00486
246,2085,2085,307,0.00383
246,2086,2086,307,0.00334
246,2087,2087,307,0.00034
246,2088,2088,307,0.00541
246,2089,2089,307,0.00525
246,2090,2090,307,0.00726
246,2091,2091,307,0.00624
246,2092,2092,307,0.00674
246,2093,2093,307,0.00646
246,2094,2094,307,0.00925
246,2095,2095,307,0.00979
246,2096,2096,307,0.00771
246,2097,2097,307,0.0075
246,2098,2098,307,0.01184
246,2099,2099,307,0.00801
246,2100,2100,307,0.00469
246,2023,2023,327,0.00685
246,2024,2024,327,0.00604
246,2025,2025,327,0.0053
246,2026,2026,327,0.00365
246,2027,2027,327,0.00315
246,2028,2028,327,0.00242
246,2029,2029,327,0.00154
246,2030,2030,327,0.00533
246,2031,2031,327,0.00601
246,2032,2032,327,0.00545
246,2033,2033,327,0.00592
246,2034,2034,327,0.00464
246,2035,2035,327,0.00529
246,2036,2036,327,0.00299
246,2037,2037,327,0.00237
246,2038,2038,327,-0.00035
246,2039,2039,327,0.001
246,2040,2040,327,0.00066
246,2041,2041,327,0.00028
246,2042,2042,327,0.00327
246,2043,2043,327,0.00284
246,2044,2044,327,4e-04
246,2045,2045,327,-0.00272
246,2046,2046,327,-0.00048
246,2047,2047,327,0.00018
246,2048,2048,327,7e-04
246,2049,2049,327,0.0012
246,2050,2050,327,0.00078
246,2051,2051,327,0.00062
246,2052,2052,327,0.00212
246,2053,2053,327,0.00146
246,2054,2054,327,-0.00185
246,2055,2055,327,-0.00067
246,2056,2056,327,-0.00033
246,2057,2057,327,0.00074
246,2058,2058,327,0.00081
246,2059,2059,327,0.00137
246,2060,2060,327,0.00213
246,2061,2061,327,4e-05
246,2062,2062,327,-0.00022
246,2063,2063,327,-0.00103
246,2064,2064,327,4e-04
246,2065,2065,327,0.00208
246,2066,2066,327,0.0041
246,2067,2067,327,0.00371
246,2068,2068,327,0.00326
246,2069,2069,327,0.00123
246,2070,2070,327,-6e-05
246,2071,2071,327,0.00275
246,2072,2072,327,0.00144
246,2073,2073,327,0.0051
246,2074,2074,327,0.00337
246,2075,2075,327,0.00512
246,2076,2076,327,0.00597
246,2077,2077,327,0.00554
246,2078,2078,327,0.00315
246,2079,2079,327,0.0025
246,2080,2080,327,0.00171
246,2081,2081,327,0.00023
246,2082,2082,327,-0.00102
246,2083,2083,327,0.00085
246,2084,2084,327,0.00156
246,2085,2085,327,0.00164
246,2086,2086,327,0.00024
246,2087,2087,327,0.00115
246,2088,2088,327,0.00365
246,2089,2089,327,0.00495
246,2090,2090,327,0.00185
246,2091,2091,327,-0.0015
246,2092,2092,327,0.00053
246,2093,2093,327,0.00149
246,2094,2094,327,0.00164
246,2095,2095,327,0.00363
246,2096,2096,327,0.00305
246,2097,2097,327,0.00082
246,2098,2098,327,0.00215
246,2099,2099,327,0.00325
246,2100,2100,327,0.00219
246,2023,2023,348,0.00685
246,2024,2024,348,0.00719
246,2025,2025,348,0.005
246,2026,2026,348,0.0017
246,2027,2027,348,0.0051
246,2028,2028,348,0.00418
246,2029,2029,348,0.00419
246,2030,2030,348,0.00652
246,2031,2031,348,0.00748
246,2032,2032,348,0.00504
246,2033,2033,348,0.00453
246,2034,2034,348,0.00494
246,2035,2035,348,0.00732
246,2036,2036,348,0.00764
246,2037,2037,348,0.00564
246,2038,2038,348,0.00426
246,2039,2039,348,0.00223
246,2040,2040,348,0.001
246,2041,2041,348,-0.00228
246,2042,2042,348,0.00145
246,2043,2043,348,0.00116
246,2044,2044,348,-0.00186
246,2045,2045,348,0.00027
246,2046,2046,348,0.00044
246,2047,2047,348,0.00501
246,2048,2048,348,0.00365
246,2049,2049,348,0.00393
246,2050,2050,348,0.00015
246,2051,2051,348,0.00167
246,2052,2052,348,0.00084
246,2053,2053,348,0.00099
246,2054,2054,348,0.00363
246,2055,2055,348,0.00359
246,2056,2056,348,0.00392
246,2057,2057,348,0.00204
246,2058,2058,348,0.0032
246,2059,2059,348,0.00596
246,2060,2060,348,0.00677
246,2061,2061,348,0.00704
246,2062,2062,348,0.00414
246,2063,2063,348,0.00599
246,2064,2064,348,0.00459
246,2065,2065,348,0.00491
246,2066,2066,348,0.00065
246,2067,2067,348,0.00279
246,2068,2068,348,0.00076
246,2069,2069,348,0.00121
246,2070,2070,348,0.00263
246,2071,2071,348,0.00274
246,2072,2072,348,0.00451
246,2073,2073,348,0.00188
246,2074,2074,348,-0.00111
246,2075,2075,348,-7e-04
246,2076,2076,348,0.00157
246,2077,2077,348,0.00347
246,2078,2078,348,0.00225
246,2079,2079,348,0.00638
246,2080,2080,348,0.00407
246,2081,2081,348,0.00643
246,2082,2082,348,0.0079
246,2083,2083,348,0.00688
246,2084,2084,348,0.00838
246,2085,2085,348,0.01003
246,2086,2086,348,0.007
246,2087,2087,348,0.00602
246,2088,2088,348,0.00475
246,2089,2089,348,0.00606
246,2090,2090,348,0.00552
246,2091,2091,348,0.0062
246,2092,2092,348,0.0036
246,2093,2093,348,0.00605
246,2094,2094,348,0.00738
246,2095,2095,348,0.00497
246,2096,2096,348,0.00478
246,2097,2097,348,0.00304
246,2098,2098,348,0.00267
246,2099,2099,348,0.00181
246,2100,2100,348,0.00465
246,2023,2023,368,0.00685
246,2024,2024,368,0.00447
246,2025,2025,368,0.00366
246,2026,2026,368,0.00552
246,2027,2027,368,0.00234
246,2028,2028,368,0.00232
246,2029,2029,368,0.00533
246,2030,2030,368,0.00509
246,2031,2031,368,-9e-05
246,2032,2032,368,0.00107
246,2033,2033,368,0.00157
246,2034,2034,368,0.00231
246,2035,2035,368,0.00318
246,2036,2036,368,0.00398
246,2037,2037,368,0.00096
246,2038,2038,368,-0.00092
246,2039,2039,368,-0.00255
246,2040,2040,368,0.00142
246,2041,2041,368,0.00224
246,2042,2042,368,0.00373
246,2043,2043,368,0.00613
246,2044,2044,368,0.00135
246,2045,2045,368,0.00141
246,2046,2046,368,0.00143
246,2047,2047,368,-0.00159
246,2048,2048,368,-0.00216
246,2049,2049,368,-0.00363
246,2050,2050,368,0.00043
246,2051,2051,368,0.00075
246,2052,2052,368,0.00123
246,2053,2053,368,-0.00195
246,2054,2054,368,-0.00126
246,2055,2055,368,-2e-05
246,2056,2056,368,-0.00379
246,2057,2057,368,-0.00193
246,2058,2058,368,-0.00097
246,2059,2059,368,-0.00248
246,2060,2060,368,0.00062
246,2061,2061,368,-0.00183
246,2062,2062,368,0.00062
246,2063,2063,368,6e-05
246,2064,2064,368,0.00163
246,2065,2065,368,0.00019
246,2066,2066,368,0.00096
246,2067,2067,368,0.00079
246,2068,2068,368,0.00571
246,2069,2069,368,0.00364
246,2070,2070,368,0.00576
246,2071,2071,368,0.00492
246,2072,2072,368,0.00097
246,2073,2073,368,-0.00021
246,2074,2074,368,-9e-05
246,2075,2075,368,-0.00041
246,2076,2076,368,-0.00151
246,2077,2077,368,-0.00088
246,2078,2078,368,-0.00044
246,2079,2079,368,0.00271
246,2080,2080,368,0.00412
246,2081,2081,368,0.0029
246,2082,2082,368,0.0017
246,2083,2083,368,-0.00027
246,2084,2084,368,0.00236
246,2085,2085,368,0.00323
246,2086,2086,368,0.00082
246,2087,2087,368,0.00212
246,2088,2088,368,0.00229
246,2089,2089,368,0.00301
246,2090,2090,368,0.00711
246,2091,2091,368,0.00874
246,2092,2092,368,0.00644
246,2093,2093,368,0.00292
246,2094,2094,368,3e-04
246,2095,2095,368,0.00179
246,2096,2096,368,0.00056
246,2097,2097,368,-0.00076
246,2098,2098,368,-0.00204
246,2099,2099,368,0.00032
246,2100,2100,368,-0.00135
246,2023,2023,388,0.00685
246,2024,2024,388,0.00283
246,2025,2025,388,0.00226
246,2026,2026,388,0.00088
246,2027,2027,388,-0.0023
246,2028,2028,388,-8e-05
246,2029,2029,388,0.00248
246,2030,2030,388,-0.00065
246,2031,2031,388,-0.00263
246,2032,2032,388,-0.00089
246,2033,2033,388,0.00409
246,2034,2034,388,0.00519
246,2035,2035,388,0.0033
246,2036,2036,388,0.00445
246,2037,2037,388,0.00286
246,2038,2038,388,0.00431
246,2039,2039,388,0.00375
246,2040,2040,388,0.00266
246,2041,2041,388,0.00024
246,2042,2042,388,0.00193
246,2043,2043,388,0.0027
246,2044,2044,388,0.0042
246,2045,2045,388,0.00565
246,2046,2046,388,0.00531
246,2047,2047,388,0.00314
246,2048,2048,388,0.00309
246,2049,2049,388,0.00166
246,2050,2050,388,0.00318
246,2051,2051,388,0.00227
246,2052,2052,388,0.00093
246,2053,2053,388,0.00311
246,2054,2054,388,0.00436
246,2055,2055,388,0.00352
246,2056,2056,388,0.00525
246,2057,2057,388,0.00127
246,2058,2058,388,0.00451
246,2059,2059,388,0.00477
246,2060,2060,388,0.00331
246,2061,2061,388,0.00372
246,2062,2062,388,0.0041
246,2063,2063,388,0.00744
246,2064,2064,388,0.00432
246,2065,2065,388,0.0016
246,2066,2066,388,0.00323
246,2067,2067,388,5e-04
246,2068,2068,388,0.00269
246,2069,2069,388,0.00258
246,2070,2070,388,0.00317
246,2071,2071,388,0.00163
246,2072,2072,388,0.00186
246,2073,2073,388,0.00038
246,2074,2074,388,0.00091
246,2075,2075,388,-0.00214
246,2076,2076,388,-0.00071
246,2077,2077,388,0.00157
246,2078,2078,388,0.00266
246,2079,2079,388,0.00096
246,2080,2080,388,9e-05
246,2081,2081,388,-0.00027
246,2082,2082,388,-0.00153
246,2083,2083,388,-0.00411
246,2084,2084,388,0.00074
246,2085,2085,388,0.00102
246,2086,2086,388,0.00102
246,2087,2087,388,0.00679
246,2088,2088,388,0.0058
246,2089,2089,388,0.00718
246,2090,2090,388,0.00599
246,2091,2091,388,0.00651
246,2092,2092,388,0.00708
246,2093,2093,388,0.00477
246,2094,2094,388,0.00441
246,2095,2095,388,0.00396
246,2096,2096,388,0.00036
246,2097,2097,388,0.00293
246,2098,2098,388,0.00366
246,2099,2099,388,0.00362
246,2100,2100,388,0.00395
246,2023,2023,409,0.00685
246,2024,2024,409,0.0048
246,2025,2025,409,0.0053
246,2026,2026,409,0.00877
246,2027,2027,409,0.00586
246,2028,2028,409,0.00319
246,2029,2029,409,0.00617
246,2030,2030,409,0.00413
246,2031,2031,409,0.00239
246,2032,2032,409,0.0013
246,2033,2033,409,0.00103
246,2034,2034,409,0.00035
246,2035,2035,409,3e-05
246,2036,2036,409,-0.00041
246,2037,2037,409,-0.00086
246,2038,2038,409,0.00062
246,2039,2039,409,0.00163
246,2040,2040,409,0.00521
246,2041,2041,409,0.00483
246,2042,2042,409,0.00495
246,2043,2043,409,0.00638
246,2044,2044,409,0.00732
246,2045,2045,409,0.00751
246,2046,2046,409,0.00611
246,2047,2047,409,0.00853
246,2048,2048,409,0.00754
246,2049,2049,409,0.00749
246,2050,2050,409,0.00909
246,2051,2051,409,0.00751
246,2052,2052,409,0.00577
246,2053,2053,409,0.00575
246,2054,2054,409,0.00482
246,2055,2055,409,0.00534
246,2056,2056,409,0.0061
246,2057,2057,409,0.00431
246,2058,2058,409,0.00429
246,2059,2059,409,0.00466
246,2060,2060,409,0.00554
246,2061,2061,409,0.00711
246,2062,2062,409,0.00603
246,2063,2063,409,0.00448
246,2064,2064,409,0.00043
246,2065,2065,409,-0.001
246,2066,2066,409,0.00151
246,2067,2067,409,0.00261
246,2068,2068,409,0.00197
246,2069,2069,409,0.00091
246,2070,2070,409,0.00284
246,2071,2071,409,0.00302
246,2072,2072,409,0.00486
246,2073,2073,409,0.00404
246,2074,2074,409,0.0035
246,2075,2075,409,0.00234
246,2076,2076,409,0.00466
246,2077,2077,409,0.00449
246,2078,2078,409,0.00419
246,2079,2079,409,0.00457
246,2080,2080,409,0.00405
246,2081,2081,409,0.00274
246,2082,2082,409,0.00329
246,2083,2083,409,0.00266
246,2084,2084,409,0.00301
246,2085,2085,409,0.00245
246,2086,2086,409,0.00132
246,2087,2087,409,0.00017
246,2088,2088,409,-0.00215
246,2089,2089,409,-0.00056
246,2090,2090,409,-0.00218
246,2091,2091,409,-0.00274
246,2092,2092,409,-0.00078
246,2093,2093,409,1e-05
246,2094,2094,409,-0.00012
246,2095,2095,409,0.00141
246,2096,2096,409,0.00037
246,2097,2097,409,-7e-05
246,2098,2098,409,0.00151
246,2099,2099,409,0.00362
246,2100,2100,409,0.00251
246,2023,2023,429,0.00685
246,2024,2024,429,0.00625
246,2025,2025,429,0.00533
246,2026,2026,429,0.00105
246,2027,2027,429,0.00306
246,2028,2028,429,0.00286
246,2029,2029,429,0.00604
246,2030,2030,429,0.00173
246,2031,2031,429,0.00241
246,2032,2032,429,-0.00037
246,2033,2033,429,-0.00279
246,2034,2034,429,-0.00104
246,2035,2035,429,-0.00097
246,2036,2036,429,-0.00049
246,2037,2037,429,-0.00178
246,2038,2038,429,-0.00077
246,2039,2039,429,-0.00022
246,2040,2040,429,-0.00076
246,2041,2041,429,-0.00051
246,2042,2042,429,-0.00216
246,2043,2043,429,-0.00214
246,2044,2044,429,-0.00669
246,2045,2045,429,-0.00629
246,2046,2046,429,-0.00471
246,2047,2047,429,-0.00073
246,2048,2048,429,-0.00013
246,2049,2049,429,0.00026
246,2050,2050,429,0.00059
246,2051,2051,429,0.00476
246,2052,2052,429,0.00293
246,2053,2053,429,0.0078
246,2054,2054,429,0.00844
246,2055,2055,429,0.0058
246,2056,2056,429,0.00557
246,2057,2057,429,0.00456
246,2058,2058,429,0.00421
246,2059,2059,429,0.00776
246,2060,2060,429,0.00761
246,2061,2061,429,0.00803
246,2062,2062,429,0.00492
246,2063,2063,429,0.00427
246,2064,2064,429,0.00556
246,2065,2065,429,0.00713
246,2066,2066,429,0.00425
246,2067,2067,429,0.00279
246,2068,2068,429,0.00232
246,2069,2069,429,0.00459
246,2070,2070,429,0.0036
246,2071,2071,429,0.00152
246,2072,2072,429,0.001
246,2073,2073,429,0.00266
246,2074,2074,429,0.0058
246,2075,2075,429,0.00581
246,2076,2076,429,0.00439
246,2077,2077,429,0.00348
246,2078,2078,429,0.00145
246,2079,2079,429,0.00258
246,2080,2080,429,0.0015
246,2081,2081,429,0.00154
246,2082,2082,429,0.00253
246,2083,2083,429,0.00206
246,2084,2084,429,0.00391
246,2085,2085,429,0.00499
246,2086,2086,429,0.00532
246,2087,2087,429,0.00544
246,2088,2088,429,0.00559
246,2089,2089,429,0.00646
246,2090,2090,429,0.00524
246,2091,2091,429,0.00582
246,2092,2092,429,0.00331
246,2093,2093,429,0.00065
246,2094,2094,429,0.00348
246,2095,2095,429,0.00359
246,2096,2096,429,0.0073
246,2097,2097,429,0.00499
246,2098,2098,429,0.00591
246,2099,2099,429,0.00597
246,2100,2100,429,0.00177
246,2023,2023,450,0.00685
246,2024,2024,450,0.00521
246,2025,2025,450,0.00131
246,2026,2026,450,0.00136
246,2027,2027,450,0.00192
246,2028,2028,450,-0.00016
246,2029,2029,450,0.0014
246,2030,2030,450,-0.00081
246,2031,2031,450,0.00063
246,2032,2032,450,0.00204
246,2033,2033,450,0.00174
246,2034,2034,450,0.00501
246,2035,2035,450,0.00241
246,2036,2036,450,0.00151
246,2037,2037,450,0.00257
246,2038,2038,450,0.00159
246,2039,2039,450,0.00175
246,2040,2040,450,0.00286
246,2041,2041,450,0.00072
246,2042,2042,450,0.00027
246,2043,2043,450,0.00491
246,2044,2044,450,0.00158
246,2045,2045,450,0.0019
246,2046,2046,450,0.0013
246,2047,2047,450,0.00051
246,2048,2048,450,0.00187
246,2049,2049,450,-0.00054
246,2050,2050,450,0.00089
246,2051,2051,450,-0.00093
246,2052,2052,450,-0.00105
246,2053,2053,450,-0.00236
246,2054,2054,450,-0.00383
246,2055,2055,450,-0.00308
246,2056,2056,450,-3e-04
246,2057,2057,450,-1e-04
246,2058,2058,450,-0.0018
246,2059,2059,450,-0.00428
246,2060,2060,450,-0.00019
246,2061,2061,450,0.00112
246,2062,2062,450,7e-04
246,2063,2063,450,0.00149
246,2064,2064,450,0.0012
246,2065,2065,450,0.00149
246,2066,2066,450,1e-04
246,2067,2067,450,0.00284
246,2068,2068,450,0.00338
246,2069,2069,450,0.00308
246,2070,2070,450,0.00192
246,2071,2071,450,0.00483
246,2072,2072,450,0.00414
246,2073,2073,450,0.00393
246,2074,2074,450,0.00402
246,2075,2075,450,0.0044
246,2076,2076,450,0.00193
246,2077,2077,450,0.00273
246,2078,2078,450,0.00213
246,2079,2079,450,0.00243
246,2080,2080,450,0.00116
246,2081,2081,450,0.00078
246,2082,2082,450,0.00151
246,2083,2083,450,0.00095
246,2084,2084,450,7e-04
246,2085,2085,450,0.00011
246,2086,2086,450,-0.001
246,2087,2087,450,-0.00131
246,2088,2088,450,-0.00083
246,2089,2089,450,-0.00103
246,2090,2090,450,-0.00096
246,2091,2091,450,3e-05
246,2092,2092,450,-0.0024
246,2093,2093,450,-0.00127
246,2094,2094,450,-0.00061
246,2095,2095,450,0.00526
246,2096,2096,450,0.00068
246,2097,2097,450,0.00306
246,2098,2098,450,0.00469
246,2099,2099,450,0.00254
246,2100,2100,450,0.00219
246,2023,2023,470,0.00685
246,2024,2024,470,0.00379
246,2025,2025,470,0.00206
246,2026,2026,470,-0.00238
246,2027,2027,470,-0.00391
246,2028,2028,470,-0.00408
246,2029,2029,470,0.00072
246,2030,2030,470,0.00132
246,2031,2031,470,-9e-04
246,2032,2032,470,-0.00089
246,2033,2033,470,-5e-05
246,2034,2034,470,-0.00176
246,2035,2035,470,0.00081
246,2036,2036,470,0.00097
246,2037,2037,470,0.00445
246,2038,2038,470,0.0024
246,2039,2039,470,0.00172
246,2040,2040,470,-0.00095
246,2041,2041,470,0.00198
246,2042,2042,470,-1e-05
246,2043,2043,470,-0.001
246,2044,2044,470,-0.00172
246,2045,2045,470,0.00251
246,2046,2046,470,0.00234
246,2047,2047,470,0.00408
246,2048,2048,470,0.00584
246,2049,2049,470,0.00571
246,2050,2050,470,0.00633
246,2051,2051,470,0.0034
246,2052,2052,470,0.00313
246,2053,2053,470,0.00295
246,2054,2054,470,0.00085
246,2055,2055,470,0.0018
246,2056,2056,470,0.00292
246,2057,2057,470,0.00077
246,2058,2058,470,0.00319
246,2059,2059,470,0.00304
246,2060,2060,470,0.00505
246,2061,2061,470,0.00381
246,2062,2062,470,0.00281
246,2063,2063,470,0.00313
246,2064,2064,470,0.00572
246,2065,2065,470,0.00514
246,2066,2066,470,0.00243
246,2067,2067,470,0.00085
246,2068,2068,470,0.0028
246,2069,2069,470,0.00561
246,2070,2070,470,0.00597
246,2071,2071,470,0.00434
246,2072,2072,470,0.00352
246,2073,2073,470,0.00049
246,2074,2074,470,0.00195
246,2075,2075,470,0.00352
246,2076,2076,470,0.00315
246,2077,2077,470,0.00089
246,2078,2078,470,0.00284
246,2079,2079,470,0.0028
246,2080,2080,470,0.00381
246,2081,2081,470,0.00364
246,2082,2082,470,0.00082
246,2083,2083,470,0.00194
246,2084,2084,470,0.0031
246,2085,2085,470,0.00323
246,2086,2086,470,0.00297
246,2087,2087,470,0.00127
246,2088,2088,470,0.00104
246,2089,2089,470,0.00484
246,2090,2090,470,0.00165
246,2091,2091,470,0.0035
246,2092,2092,470,0.00263
246,2093,2093,470,0.00146
246,2094,2094,470,-0.00147
246,2095,2095,470,-0.00045
246,2096,2096,470,-0.00291
246,2097,2097,470,-0.00244
246,2098,2098,470,-0.00435
246,2099,2099,470,-0.00235
246,2100,2100,470,-0.00279
246,2023,2023,490,0.00685
246,2024,2024,490,0.00456
246,2025,2025,490,0.00471
246,2026,2026,490,0.00397
246,2027,2027,490,0.00563
246,2028,2028,490,0.00757
246,2029,2029,490,0.00554
246,2030,2030,490,0.00591
246,2031,2031,490,0.00359
246,2032,2032,490,0.00214
246,2033,2033,490,0.0038
246,2034,2034,490,0.00274
246,2035,2035,490,0.00126
246,2036,2036,490,0.00319
246,2037,2037,490,0.00189
246,2038,2038,490,0.00089
246,2039,2039,490,-0.00026
246,2040,2040,490,-5e-04
246,2041,2041,490,0.00343
246,2042,2042,490,0.00559
246,2043,2043,490,0.00437
246,2044,2044,490,0.00449
246,2045,2045,490,0.0073
246,2046,2046,490,0.00785
246,2047,2047,490,0.00773
246,2048,2048,490,0.00292
246,2049,2049,490,0.00383
246,2050,2050,490,0.00525
246,2051,2051,490,0.00532
246,2052,2052,490,0.00117
246,2053,2053,490,-0.00322
246,2054,2054,490,-0.00241
246,2055,2055,490,0.00053
246,2056,2056,490,-0.00158
246,2057,2057,490,9e-04
246,2058,2058,490,0.00047
246,2059,2059,490,0.00339
246,2060,2060,490,0.00163
246,2061,2061,490,0.00387
246,2062,2062,490,0.00203
246,2063,2063,490,0.00405
246,2064,2064,490,0.00322
246,2065,2065,490,-0.00057
246,2066,2066,490,0.00067
246,2067,2067,490,0.00092
246,2068,2068,490,0.00325
246,2069,2069,490,0.00546
246,2070,2070,490,0.003
246,2071,2071,490,-0.00165
246,2072,2072,490,-0.00422
246,2073,2073,490,-0.00534
246,2074,2074,490,-0.00481
246,2075,2075,490,-0.00306
246,2076,2076,490,0.00137
246,2077,2077,490,-0.0011
246,2078,2078,490,3e-04
246,2079,2079,490,0.00395
246,2080,2080,490,0.00152
246,2081,2081,490,0.00097
246,2082,2082,490,0.00392
246,2083,2083,490,0.00546
246,2084,2084,490,0.0066
246,2085,2085,490,0.00463
246,2086,2086,490,0.00405
246,2087,2087,490,-0.00072
246,2088,2088,490,-0.00162
246,2089,2089,490,-0.00285
246,2090,2090,490,-0.00152
246,2091,2091,490,8e-04
246,2092,2092,490,-0.00121
246,2093,2093,490,-0.00043
246,2094,2094,490,0.00057
246,2095,2095,490,-0.00042
246,2096,2096,490,0.0017
246,2097,2097,490,0.00162
246,2098,2098,490,0.00381
246,2099,2099,490,0.00326
246,2100,2100,490,-0.00076
246,2023,2023,511,0.00685
246,2024,2024,511,0.00598
246,2025,2025,511,0.00507
246,2026,2026,511,0.00195
246,2027,2027,511,0.00015
246,2028,2028,511,0.00019
246,2029,2029,511,0.00025
246,2030,2030,511,0.00123
246,2031,2031,511,-0.00204
246,2032,2032,511,0.00374
246,2033,2033,511,0.00395
246,2034,2034,511,0.00416
246,2035,2035,511,0.00493
246,2036,2036,511,0.00299
246,2037,2037,511,-0.00102
246,2038,2038,511,-0.00134
246,2039,2039,511,-3e-05
246,2040,2040,511,-0.00041
246,2041,2041,511,-0.00092
246,2042,2042,511,2e-04
246,2043,2043,511,8e-05
246,2044,2044,511,0.00234
246,2045,2045,511,-0.00033
246,2046,2046,511,0.00411
246,2047,2047,511,0.00127
246,2048,2048,511,-0.00046
246,2049,2049,511,-0.00061
246,2050,2050,511,-5e-05
246,2051,2051,511,-0.00182
246,2052,2052,511,9e-05
246,2053,2053,511,-0.00035
246,2054,2054,511,0.00094
246,2055,2055,511,0.00201
246,2056,2056,511,0.00184
246,2057,2057,511,0.00059
246,2058,2058,511,0.00142
246,2059,2059,511,0.00017
246,2060,2060,511,-0.00368
246,2061,2061,511,-0.00369
246,2062,2062,511,-0.00532
246,2063,2063,511,-0.00544
246,2064,2064,511,-0.00158
246,2065,2065,511,0.00073
246,2066,2066,511,0.00022
246,2067,2067,511,8e-04
246,2068,2068,511,-0.0016
246,2069,2069,511,-0.00145
246,2070,2070,511,-0.00236
246,2071,2071,511,-0.00089
246,2072,2072,511,-0.00288
246,2073,2073,511,-0.0011
246,2074,2074,511,-0.0021
246,2075,2075,511,-0.00273
246,2076,2076,511,-0.00213
246,2077,2077,511,0.00305
246,2078,2078,511,0.00456
246,2079,2079,511,0.00239
246,2080,2080,511,0.00359
246,2081,2081,511,0.00512
246,2082,2082,511,0.00232
246,2083,2083,511,0.00054
246,2084,2084,511,-5e-05
246,2085,2085,511,-0.00584
246,2086,2086,511,-0.00503
246,2087,2087,511,-0.00624
246,2088,2088,511,-0.00072
246,2089,2089,511,-0.00055
246,2090,2090,511,0.00136
246,2091,2091,511,7e-04
246,2092,2092,511,0.00238
246,2093,2093,511,0.00087
246,2094,2094,511,0.00127
246,2095,2095,511,0.00044
246,2096,2096,511,0.00208
246,2097,2097,511,-2e-05
246,2098,2098,511,-0.0013
246,2099,2099,511,-0.0015
246,2100,2100,511,-0.00067
246,2023,2023,531,0.00685
246,2024,2024,531,0.00265
246,2025,2025,531,0.00266
246,2026,2026,531,0.00464
246,2027,2027,531,0.00359
246,2028,2028,531,0.00494
246,2029,2029,531,0.00453
246,2030,2030,531,0.00354
246,2031,2031,531,0.00185
246,2032,2032,531,-0.00126
246,2033,2033,531,-0.00338
246,2034,2034,531,-0.00169
246,2035,2035,531,0.00066
246,2036,2036,531,0.00095
246,2037,2037,531,-0.00025
246,2038,2038,531,0.002
246,2039,2039,531,-0.00035
246,2040,2040,531,0.00042
246,2041,2041,531,0.00032
246,2042,2042,531,-0.00266
246,2043,2043,531,4e-04
246,2044,2044,531,0.00074
246,2045,2045,531,0.00418
246,2046,2046,531,0.00361
246,2047,2047,531,0.00403
246,2048,2048,531,0.00631
246,2049,2049,531,0.00527
246,2050,2050,531,0.00526
246,2051,2051,531,0.00396
246,2052,2052,531,0.00128
246,2053,2053,531,0.00182
246,2054,2054,531,5e-04
246,2055,2055,531,0.00222
246,2056,2056,531,0.00031
246,2057,2057,531,-0.00059
246,2058,2058,531,-0.00236
246,2059,2059,531,-0.00142
246,2060,2060,531,-0.00145
246,2061,2061,531,0.00033
246,2062,2062,531,0.00038
246,2063,2063,531,-0.00138
246,2064,2064,531,-0.00022
246,2065,2065,531,-0.00071
246,2066,2066,531,0.0011
246,2067,2067,531,0.00135
246,2068,2068,531,0.00115
246,2069,2069,531,0.00431
246,2070,2070,531,0.00632
246,2071,2071,531,0.00237
246,2072,2072,531,-0.00087
246,2073,2073,531,0.00108
246,2074,2074,531,0.00198
246,2075,2075,531,0.00072
246,2076,2076,531,-0.00163
246,2077,2077,531,-0.00099
246,2078,2078,531,0.00052
246,2079,2079,531,0.00167
246,2080,2080,531,0.00406
246,2081,2081,531,0.00411
246,2082,2082,531,0.00451
246,2083,2083,531,0.00499
246,2084,2084,531,0.00493
246,2085,2085,531,0.00345
246,2086,2086,531,0.00362
246,2087,2087,531,0.00525
246,2088,2088,531,0.0064
246,2089,2089,531,0.00497
246,2090,2090,531,0.00452
246,2091,2091,531,0.00225
246,2092,2092,531,0.00262
246,2093,2093,531,0.00153
246,2094,2094,531,0.0036
246,2095,2095,531,0.00562
246,2096,2096,531,0.00525
246,2097,2097,531,0.00056
246,2098,2098,531,-0.00044
246,2099,2099,531,0.00443
246,2100,2100,531,0.00264
246,2023,2023,551,0.00685
246,2024,2024,551,0.00343
246,2025,2025,551,0.00286
246,2026,2026,551,0.00165
246,2027,2027,551,0.0057
246,2028,2028,551,0.00046
246,2029,2029,551,-0.00343
246,2030,2030,551,-0.00228
246,2031,2031,551,0.00185
246,2032,2032,551,0.00362
246,2033,2033,551,0.00417
246,2034,2034,551,0.00131
246,2035,2035,551,0.00436
246,2036,2036,551,0.00091
246,2037,2037,551,0.00125
246,2038,2038,551,-3e-04
246,2039,2039,551,0.00204
246,2040,2040,551,0.00185
246,2041,2041,551,0.00184
246,2042,2042,551,0.00157
246,2043,2043,551,0.00055
246,2044,2044,551,0.00047
246,2045,2045,551,-0.00229
246,2046,2046,551,0.00063
246,2047,2047,551,-0.00186
246,2048,2048,551,0.00124
246,2049,2049,551,0.00067
246,2050,2050,551,0.00406
246,2051,2051,551,0.00475
246,2052,2052,551,0.00521
246,2053,2053,551,0.00521
246,2054,2054,551,0.00426
246,2055,2055,551,0.00577
246,2056,2056,551,0.00445
246,2057,2057,551,0.00474
246,2058,2058,551,0.00465
246,2059,2059,551,0.00598
246,2060,2060,551,0.00614
246,2061,2061,551,0.00469
246,2062,2062,551,0.00167
246,2063,2063,551,0.00562
246,2064,2064,551,0.00577
246,2065,2065,551,0.00352
246,2066,2066,551,0.00444
246,2067,2067,551,0.00266
246,2068,2068,551,0.00208
246,2069,2069,551,8e-04
246,2070,2070,551,0.00498
246,2071,2071,551,0.00715
246,2072,2072,551,0.01039
246,2073,2073,551,0.00887
246,2074,2074,551,0.00841
246,2075,2075,551,0.00714
246,2076,2076,551,0.00587
246,2077,2077,551,0.00711
246,2078,2078,551,0.0069
246,2079,2079,551,0.00509
246,2080,2080,551,0.00399
246,2081,2081,551,0.00337
246,2082,2082,551,0.00351
246,2083,2083,551,0.00448
246,2084,2084,551,0.00523
246,2085,2085,551,0.00325
246,2086,2086,551,0.0037
246,2087,2087,551,0.00282
246,2088,2088,551,0.00263
246,2089,2089,551,0.0042
246,2090,2090,551,0.00019
246,2091,2091,551,0.00321
246,2092,2092,551,0.004
246,2093,2093,551,0.00331
246,2094,2094,551,0.00379
246,2095,2095,551,0.00223
246,2096,2096,551,0.00231
246,2097,2097,551,0.00441
246,2098,2098,551,-0.00049
246,2099,2099,551,-0.00127
246,2100,2100,551,-0.00141
246,2023,2023,572,0.00685
246,2024,2024,572,0.00694
246,2025,2025,572,0.00692
246,2026,2026,572,0.00486
246,2027,2027,572,0.00485
246,2028,2028,572,0.00611
246,2029,2029,572,0.00727
246,2030,2030,572,0.00687
246,2031,2031,572,0.00573
246,2032,2032,572,0.00294
246,2033,2033,572,0.00504
246,2034,2034,572,0.00282
246,2035,2035,572,-1e-05
246,2036,2036,572,0.00136
246,2037,2037,572,0.00125
246,2038,2038,572,-0.00018
246,2039,2039,572,0.00192
246,2040,2040,572,0.0019
246,2041,2041,572,-0.00152
246,2042,2042,572,-0.00402
246,2043,2043,572,-0.00127
246,2044,2044,572,-0.00298
246,2045,2045,572,-0.00375
246,2046,2046,572,-0.00349
246,2047,2047,572,-0.00176
246,2048,2048,572,-0.00123
246,2049,2049,572,0.00037
246,2050,2050,572,0.00136
246,2051,2051,572,0.00304
246,2052,2052,572,0.00471
246,2053,2053,572,0.00666
246,2054,2054,572,0.0063
246,2055,2055,572,0.00469
246,2056,2056,572,0.00254
246,2057,2057,572,0.0051
246,2058,2058,572,0.00215
246,2059,2059,572,0.00102
246,2060,2060,572,0.00215
246,2061,2061,572,0.00415
246,2062,2062,572,0.00498
246,2063,2063,572,0.00407
246,2064,2064,572,0.00081
246,2065,2065,572,0.00172
246,2066,2066,572,0.00094
246,2067,2067,572,-0.00343
246,2068,2068,572,-0.00253
246,2069,2069,572,-0.00112
246,2070,2070,572,-0.00536
246,2071,2071,572,-0.00705
246,2072,2072,572,-0.00486
246,2073,2073,572,-0.0054
246,2074,2074,572,-0.00538
246,2075,2075,572,-0.00455
246,2076,2076,572,-0.00418
246,2077,2077,572,-0.00269
246,2078,2078,572,-0.00319
246,2079,2079,572,-0.00249
246,2080,2080,572,-0.00182
246,2081,2081,572,0.00093
246,2082,2082,572,7e-04
246,2083,2083,572,0.00025
246,2084,2084,572,-0.00073
246,2085,2085,572,-0.0021
246,2086,2086,572,-0.00269
246,2087,2087,572,-0.00248
246,2088,2088,572,-0.00248
246,2089,2089,572,-0.00292
246,2090,2090,572,-0.00062
246,2091,2091,572,0.00195
246,2092,2092,572,0.00109
246,2093,2093,572,0.00328
246,2094,2094,572,0.00128
246,2095,2095,572,0.00091
246,2096,2096,572,-0.00172
246,2097,2097,572,-0.0013
246,2098,2098,572,-0.00141
246,2099,2099,572,-0.0011
246,2100,2100,572,6e-04
246,2023,2023,592,0.00685
246,2024,2024,592,0.00267
246,2025,2025,592,0.00274
246,2026,2026,592,-8e-05
246,2027,2027,592,-2e-05
246,2028,2028,592,0.0016
246,2029,2029,592,-0.00168
246,2030,2030,592,0.00077
246,2031,2031,592,0.00198
246,2032,2032,592,0.00201
246,2033,2033,592,0.0023
246,2034,2034,592,0.00028
246,2035,2035,592,-0.00029
246,2036,2036,592,-0.00075
246,2037,2037,592,-0.00177
246,2038,2038,592,-0.00145
246,2039,2039,592,0.00044
246,2040,2040,592,0.00349
246,2041,2041,592,0.00403
246,2042,2042,592,0.00289
246,2043,2043,592,0.00504
246,2044,2044,592,0.00187
246,2045,2045,592,-0.00116
246,2046,2046,592,-0.00256
246,2047,2047,592,-2e-04
246,2048,2048,592,0.00052
246,2049,2049,592,0.00065
246,2050,2050,592,0.00167
246,2051,2051,592,0.00036
246,2052,2052,592,0.00103
246,2053,2053,592,0.00253
246,2054,2054,592,0.00254
246,2055,2055,592,0.00311
246,2056,2056,592,0.0028
246,2057,2057,592,0.00454
246,2058,2058,592,0.00102
246,2059,2059,592,-0.00046
246,2060,2060,592,-0.00045
246,2061,2061,592,-0.00123
246,2062,2062,592,-0.00229
246,2063,2063,592,-0.00073
246,2064,2064,592,-0.00209
246,2065,2065,592,0.00111
246,2066,2066,592,0.00264
246,2067,2067,592,0.00174
246,2068,2068,592,0.00069
246,2069,2069,592,0.00144
246,2070,2070,592,0.00054
246,2071,2071,592,-0.00066
246,2072,2072,592,-0.00255
246,2073,2073,592,-0.00082
246,2074,2074,592,-0.00086
246,2075,2075,592,0.00027
246,2076,2076,592,9e-04
246,2077,2077,592,0.00129
246,2078,2078,592,0.00297
246,2079,2079,592,6e-05
246,2080,2080,592,0.00272
246,2081,2081,592,0.00125
246,2082,2082,592,0.00171
246,2083,2083,592,0.00166
246,2084,2084,592,0.00298
246,2085,2085,592,-0.00021
246,2086,2086,592,0.00039
246,2087,2087,592,-0.00178
246,2088,2088,592,0.00141
246,2089,2089,592,0.00223
246,2090,2090,592,0.00389
246,2091,2091,592,3e-05
246,2092,2092,592,0.00344
246,2093,2093,592,0.00194
246,2094,2094,592,-0.00186
246,2095,2095,592,-0.00312
246,2096,2096,592,-0.00086
246,2097,2097,592,0.00079
246,2098,2098,592,0.00379
246,2099,2099,592,0.00315
246,2100,2100,592,0.00364
246,2023,2023,613,0.00685
246,2024,2024,613,0.00572
246,2025,2025,613,0.00595
246,2026,2026,613,0.00371
246,2027,2027,613,0.00486
246,2028,2028,613,0.0052
246,2029,2029,613,0.00485
246,2030,2030,613,0.00573
246,2031,2031,613,0.00446
246,2032,2032,613,0.00293
246,2033,2033,613,0.00645
246,2034,2034,613,0.00387
246,2035,2035,613,0.00422
246,2036,2036,613,0.00464
246,2037,2037,613,0.00452
246,2038,2038,613,-0.00027
246,2039,2039,613,-8e-05
246,2040,2040,613,0.00137
246,2041,2041,613,0.00185
246,2042,2042,613,0.0046
246,2043,2043,613,0.00536
246,2044,2044,613,0.00708
246,2045,2045,613,0.00752
246,2046,2046,613,0.00528
246,2047,2047,613,0.0062
246,2048,2048,613,0.00323
246,2049,2049,613,0.00488
246,2050,2050,613,0.00524
246,2051,2051,613,0.00634
246,2052,2052,613,0.00931
246,2053,2053,613,0.00858
246,2054,2054,613,0.00394
246,2055,2055,613,0.00584
246,2056,2056,613,0.00479
246,2057,2057,613,0.00082
246,2058,2058,613,0.00089
246,2059,2059,613,-0.001
246,2060,2060,613,0.00179
246,2061,2061,613,0.00208
246,2062,2062,613,-0.00047
246,2063,2063,613,-0.00159
246,2064,2064,613,-0.00042
246,2065,2065,613,0.00293
246,2066,2066,613,0.00073
246,2067,2067,613,-0.00274
246,2068,2068,613,-0.00177
246,2069,2069,613,-6e-04
246,2070,2070,613,0.00027
246,2071,2071,613,-3e-04
246,2072,2072,613,0.00236
246,2073,2073,613,-0.0016
246,2074,2074,613,-0.00013
246,2075,2075,613,0.00091
246,2076,2076,613,0.00375
246,2077,2077,613,0.00529
246,2078,2078,613,0.00149
246,2079,2079,613,0.00173
246,2080,2080,613,5e-04
246,2081,2081,613,-0.00068
246,2082,2082,613,0.00014
246,2083,2083,613,-0.00263
246,2084,2084,613,-0.00203
246,2085,2085,613,-0.00046
246,2086,2086,613,0.00656
246,2087,2087,613,0.00597
246,2088,2088,613,0.0052
246,2089,2089,613,0.00894
246,2090,2090,613,0.00549
246,2091,2091,613,0.00588
246,2092,2092,613,0.00191
246,2093,2093,613,0.00223
246,2094,2094,613,0.00028
246,2095,2095,613,-0.00178
246,2096,2096,613,-0.00227
246,2097,2097,613,-0.00156
246,2098,2098,613,-0.00107
246,2099,2099,613,-0.00026
246,2100,2100,613,0.00052
246,2023,2023,633,0.00685
246,2024,2024,633,0.00377
246,2025,2025,633,0.00405
246,2026,2026,633,0.00649
246,2027,2027,633,0.00246
246,2028,2028,633,0.00277
246,2029,2029,633,0.00232
246,2030,2030,633,0.00161
246,2031,2031,633,-0.00075
246,2032,2032,633,-0.00364
246,2033,2033,633,-0.00318
246,2034,2034,633,-0.00316
246,2035,2035,633,-0.002
246,2036,2036,633,-0.0027
246,2037,2037,633,0.00052
246,2038,2038,633,0.00111
246,2039,2039,633,0.00212
246,2040,2040,633,0.00317
246,2041,2041,633,0.00283
246,2042,2042,633,0.00132
246,2043,2043,633,0.00057
246,2044,2044,633,-0.00215
246,2045,2045,633,-0.00096
246,2046,2046,633,0.00011
246,2047,2047,633,0.00225
246,2048,2048,633,0.00075
246,2049,2049,633,0.00142
246,2050,2050,633,0.00094
246,2051,2051,633,0.00082
246,2052,2052,633,0.00073
246,2053,2053,633,0.00049
246,2054,2054,633,0.00054
246,2055,2055,633,0.00026
246,2056,2056,633,-0.00075
246,2057,2057,633,0.00149
246,2058,2058,633,0.00431
246,2059,2059,633,0.00234
246,2060,2060,633,0.0016
246,2061,2061,633,-0.00083
246,2062,2062,633,-0.00145
246,2063,2063,633,0.00107
246,2064,2064,633,0.00252
246,2065,2065,633,0.0025
246,2066,2066,633,0.00333
246,2067,2067,633,0.00479
246,2068,2068,633,0.00411
246,2069,2069,633,0.00358
246,2070,2070,633,-9e-05
246,2071,2071,633,-0.00057
246,2072,2072,633,0.00166
246,2073,2073,633,0.0029
246,2074,2074,633,0.00148
246,2075,2075,633,0.0028
246,2076,2076,633,0.00172
246,2077,2077,633,0.00249
246,2078,2078,633,0.00206
246,2079,2079,633,0.00278
246,2080,2080,633,0.00273
246,2081,2081,633,0.00493
246,2082,2082,633,0.00419
246,2083,2083,633,0.00066
246,2084,2084,633,-0.00243
246,2085,2085,633,-0.00019
246,2086,2086,633,0.00167
246,2087,2087,633,0.00173
246,2088,2088,633,6e-04
246,2089,2089,633,0.00228
246,2090,2090,633,0.00223
246,2091,2091,633,0.00405
246,2092,2092,633,0.00371
246,2093,2093,633,0.00725
246,2094,2094,633,0.00841
246,2095,2095,633,0.00581
246,2096,2096,633,0.00473
246,2097,2097,633,0.00569
246,2098,2098,633,0.00275
246,2099,2099,633,0.00511
246,2100,2100,633,0.00581
246,2023,2023,653,0.00685
246,2024,2024,653,0.00441
246,2025,2025,653,0.00617
246,2026,2026,653,0.00283
246,2027,2027,653,0.00073
246,2028,2028,653,0.00072
246,2029,2029,653,0.00082
246,2030,2030,653,0.00047
246,2031,2031,653,-0.00166
246,2032,2032,653,-0.00097
246,2033,2033,653,0.00025
246,2034,2034,653,0.00157
246,2035,2035,653,0.00175
246,2036,2036,653,-0.00058
246,2037,2037,653,-0.00175
246,2038,2038,653,0.00118
246,2039,2039,653,0.00146
246,2040,2040,653,-0.00318
246,2041,2041,653,-0.00553
246,2042,2042,653,-0.00835
246,2043,2043,653,-0.00578
246,2044,2044,653,-0.00504
246,2045,2045,653,-0.0063
246,2046,2046,653,-0.00113
246,2047,2047,653,-0.00083
246,2048,2048,653,0.00185
246,2049,2049,653,-0.00095
246,2050,2050,653,-0.00436
246,2051,2051,653,-0.00657
246,2052,2052,653,-0.00282
246,2053,2053,653,-0.00532
246,2054,2054,653,-0.00262
246,2055,2055,653,-0.0021
246,2056,2056,653,-0.00449
246,2057,2057,653,-0.00291
246,2058,2058,653,-0.00251
246,2059,2059,653,0.00048
246,2060,2060,653,0.00458
246,2061,2061,653,0.00223
246,2062,2062,653,0.0041
246,2063,2063,653,0.00277
246,2064,2064,653,0.00171
246,2065,2065,653,-0.00254
246,2066,2066,653,-0.00382
246,2067,2067,653,-0.00452
246,2068,2068,653,-0.00516
246,2069,2069,653,-0.00298
246,2070,2070,653,-0.00203
246,2071,2071,653,-0.00273
246,2072,2072,653,0.00042
246,2073,2073,653,-0.00181
246,2074,2074,653,0.00205
246,2075,2075,653,0.00322
246,2076,2076,653,0.00026
246,2077,2077,653,-0.00554
246,2078,2078,653,-0.00055
246,2079,2079,653,-0.00232
246,2080,2080,653,-0.00177
246,2081,2081,653,0.00093
246,2082,2082,653,0.00206
246,2083,2083,653,0.00535
246,2084,2084,653,0.00188
246,2085,2085,653,0.00176
246,2086,2086,653,0.00236
246,2087,2087,653,0.005
246,2088,2088,653,0.00349
246,2089,2089,653,0.00308
246,2090,2090,653,-0.00011
246,2091,2091,653,-0.00127
246,2092,2092,653,-0.00219
246,2093,2093,653,-0.00154
246,2094,2094,653,-0.00232
246,2095,2095,653,-0.00059
246,2096,2096,653,-0.00044
246,2097,2097,653,-0.001
246,2098,2098,653,-0.00082
246,2099,2099,653,-0.00268
246,2100,2100,653,-0.0023
246,2023,2023,674,0.00685
246,2024,2024,674,-0.00052
246,2025,2025,674,-0.00237
246,2026,2026,674,-0.00159
246,2027,2027,674,-0.0023
246,2028,2028,674,-0.00051
246,2029,2029,674,-0.00033
246,2030,2030,674,0.00136
246,2031,2031,674,0.00114
246,2032,2032,674,0.00069
246,2033,2033,674,0.00331
246,2034,2034,674,0.00189
246,2035,2035,674,0.00113
246,2036,2036,674,0.00069
246,2037,2037,674,-0.00114
246,2038,2038,674,0.00182
246,2039,2039,674,-2e-05
246,2040,2040,674,0.0011
246,2041,2041,674,0.00176
246,2042,2042,674,0.00091
246,2043,2043,674,0.00136
246,2044,2044,674,0.00424
246,2045,2045,674,0.00323
246,2046,2046,674,0.00348
246,2047,2047,674,0.00072
246,2048,2048,674,0.00157
246,2049,2049,674,0.0015
246,2050,2050,674,0.00061
246,2051,2051,674,0.00412
246,2052,2052,674,0.00272
246,2053,2053,674,-0.00052
246,2054,2054,674,-0.00225
246,2055,2055,674,-0.00307
246,2056,2056,674,-6e-04
246,2057,2057,674,0.00285
246,2058,2058,674,0.00063
246,2059,2059,674,0.0035
246,2060,2060,674,0.00471
246,2061,2061,674,0.00219
246,2062,2062,674,0.00029
246,2063,2063,674,0.00431
246,2064,2064,674,0.00272
246,2065,2065,674,0.00446
246,2066,2066,674,0.00341
246,2067,2067,674,0.00314
246,2068,2068,674,0.00282
246,2069,2069,674,0.00242
246,2070,2070,674,0.00239
246,2071,2071,674,0.00073
246,2072,2072,674,0.00244
246,2073,2073,674,0.00457
246,2074,2074,674,0.00339
246,2075,2075,674,0.00167
246,2076,2076,674,0.00152
246,2077,2077,674,0.0026
246,2078,2078,674,0.00308
246,2079,2079,674,0.00356
246,2080,2080,674,0.00336
246,2081,2081,674,0.00011
246,2082,2082,674,0.00012
246,2083,2083,674,0.00367
246,2084,2084,674,0.0032
246,2085,2085,674,-0.00376
246,2086,2086,674,0.00104
246,2087,2087,674,0.00253
246,2088,2088,674,0.00219
246,2089,2089,674,0.00397
246,2090,2090,674,0.00471
246,2091,2091,674,0.00369
246,2092,2092,674,0.00322
246,2093,2093,674,0.00156
246,2094,2094,674,0.00223
246,2095,2095,674,0.00536
246,2096,2096,674,0.00297
246,2097,2097,674,0.00195
246,2098,2098,674,0.00097
246,2099,2099,674,0.00191
246,2100,2100,674,0.00447
246,2023,2023,694,0.00685
246,2024,2024,694,0.0019
246,2025,2025,694,-0.00294
246,2026,2026,694,-0.00287
246,2027,2027,694,0.00018
246,2028,2028,694,-0.00178
246,2029,2029,694,-0.00305
246,2030,2030,694,-0.00236
246,2031,2031,694,-0.00021
246,2032,2032,694,-0.00128
246,2033,2033,694,-0.00148
246,2034,2034,694,-0.00311
246,2035,2035,694,0.00184
246,2036,2036,694,-0.00068
246,2037,2037,694,0.00061
246,2038,2038,694,0.00335
246,2039,2039,694,0.0044
246,2040,2040,694,0.00608
246,2041,2041,694,0.0046
246,2042,2042,694,0.00366
246,2043,2043,694,0.00352
246,2044,2044,694,0.00382
246,2045,2045,694,0.00508
246,2046,2046,694,0.004
246,2047,2047,694,0.00469
246,2048,2048,694,0.00354
246,2049,2049,694,0.00413
246,2050,2050,694,0.00481
246,2051,2051,694,0.00465
246,2052,2052,694,0.0029
246,2053,2053,694,0.00259
246,2054,2054,694,-0.00526
246,2055,2055,694,-0.00015
246,2056,2056,694,-0.00063
246,2057,2057,694,-0.00341
246,2058,2058,694,-0.0011
246,2059,2059,694,0.00177
246,2060,2060,694,0.00335
246,2061,2061,694,0.00154
246,2062,2062,694,0.00188
246,2063,2063,694,0.0013
246,2064,2064,694,-0.00138
246,2065,2065,694,0.00077
246,2066,2066,694,0.00147
246,2067,2067,694,0.00289
246,2068,2068,694,0.00473
246,2069,2069,694,0.0037
246,2070,2070,694,0.00193
246,2071,2071,694,0.00269
246,2072,2072,694,-0.00118
246,2073,2073,694,-0.00239
246,2074,2074,694,-0.00095
246,2075,2075,694,-0.00081
246,2076,2076,694,0.00016
246,2077,2077,694,-0.00169
246,2078,2078,694,-0.00289
246,2079,2079,694,-0.00271
246,2080,2080,694,-0.00144
246,2081,2081,694,-0.00184
246,2082,2082,694,-0.00109
246,2083,2083,694,0.00225
246,2084,2084,694,0.0021
246,2085,2085,694,0.00322
246,2086,2086,694,0.00266
246,2087,2087,694,0.00275
246,2088,2088,694,0.00116
246,2089,2089,694,2e-05
246,2090,2090,694,0.00046
246,2091,2091,694,0.00071
246,2092,2092,694,-0.0025
246,2093,2093,694,-0.00095
246,2094,2094,694,-0.00113
246,2095,2095,694,-0.00153
246,2096,2096,694,0.00197
246,2097,2097,694,0.00139
246,2098,2098,694,-0.00091
246,2099,2099,694,-0.00011
246,2100,2100,694,-0.00139
246,2023,2023,715,0.00685
246,2024,2024,715,0.00626
246,2025,2025,715,0.00158
246,2026,2026,715,0.002
246,2027,2027,715,0.00399
246,2028,2028,715,0.00369
246,2029,2029,715,-0.00064
246,2030,2030,715,-0.00022
246,2031,2031,715,0.00415
246,2032,2032,715,0.00484
246,2033,2033,715,0.0028
246,2034,2034,715,0.00244
246,2035,2035,715,0.00407
246,2036,2036,715,0.00255
246,2037,2037,715,0.00087
246,2038,2038,715,0.00459
246,2039,2039,715,0.00709
246,2040,2040,715,0.00754
246,2041,2041,715,0.00411
246,2042,2042,715,0.00357
246,2043,2043,715,0.00182
246,2044,2044,715,0.00198
246,2045,2045,715,0.00285
246,2046,2046,715,0.0048
246,2047,2047,715,0.00522
246,2048,2048,715,0.00581
246,2049,2049,715,0.00808
246,2050,2050,715,0.00422
246,2051,2051,715,0.00483
246,2052,2052,715,0.00549
246,2053,2053,715,0.00425
246,2054,2054,715,0.00237
246,2055,2055,715,0.00231
246,2056,2056,715,0.00235
246,2057,2057,715,6e-04
246,2058,2058,715,8e-05
246,2059,2059,715,0.0024
246,2060,2060,715,0.00096
246,2061,2061,715,0.00161
246,2062,2062,715,0.00404
246,2063,2063,715,0.00171
246,2064,2064,715,0.00056
246,2065,2065,715,-7e-05
246,2066,2066,715,0.00038
246,2067,2067,715,0.00171
246,2068,2068,715,0.00398
246,2069,2069,715,0.0026
246,2070,2070,715,0.00079
246,2071,2071,715,-1e-04
246,2072,2072,715,0.00116
246,2073,2073,715,0.00092
246,2074,2074,715,0.00192
246,2075,2075,715,0.00099
246,2076,2076,715,0.00074
246,2077,2077,715,0.00229
246,2078,2078,715,0.00469
246,2079,2079,715,0.00387
246,2080,2080,715,0.00652
246,2081,2081,715,0.00447
246,2082,2082,715,0.00398
246,2083,2083,715,0.00435
246,2084,2084,715,0.00307
246,2085,2085,715,0.00039
246,2086,2086,715,-0.00354
246,2087,2087,715,-0.00321
246,2088,2088,715,0.00073
246,2089,2089,715,-0.00166
246,2090,2090,715,-0.00129
246,2091,2091,715,-0.00065
246,2092,2092,715,0.00014
246,2093,2093,715,-0.00228
246,2094,2094,715,-0.00057
246,2095,2095,715,-0.00086
246,2096,2096,715,-0.00052
246,2097,2097,715,6e-04
246,2098,2098,715,0.00271
246,2099,2099,715,0.00174
246,2100,2100,715,0.00514
246,2023,2023,735,0.00685
246,2024,2024,735,0.00159
246,2025,2025,735,0.00144
246,2026,2026,735,-0.00149
246,2027,2027,735,-0.00155
246,2028,2028,735,-2e-05
246,2029,2029,735,0.00295
246,2030,2030,735,0.00242
246,2031,2031,735,-0.00166
246,2032,2032,735,-0.0025
246,2033,2033,735,-0.00311
246,2034,2034,735,-0.00408
246,2035,2035,735,-0.00564
246,2036,2036,735,-0.00507
246,2037,2037,735,5e-05
246,2038,2038,735,0.00346
246,2039,2039,735,0.0027
246,2040,2040,735,0.00198
246,2041,2041,735,0.00449
246,2042,2042,735,0.00693
246,2043,2043,735,0.00651
246,2044,2044,735,0.00679
246,2045,2045,735,0.00648
246,2046,2046,735,0.00534
246,2047,2047,735,0.00613
246,2048,2048,735,0.00699
246,2049,2049,735,0.00792
246,2050,2050,735,0.00504
246,2051,2051,735,0.00636
246,2052,2052,735,0.00588
246,2053,2053,735,0.00502
246,2054,2054,735,0.00321
246,2055,2055,735,0.00186
246,2056,2056,735,-3e-04
246,2057,2057,735,-0.00017
246,2058,2058,735,0.00099
246,2059,2059,735,0.0052
246,2060,2060,735,0.00485
246,2061,2061,735,0.00253
246,2062,2062,735,0.00023
246,2063,2063,735,-0.00151
246,2064,2064,735,-0.00247
246,2065,2065,735,-0.00217
246,2066,2066,735,-0.00023
246,2067,2067,735,0.00083
246,2068,2068,735,6e-04
246,2069,2069,735,0.00277
246,2070,2070,735,0.00392
246,2071,2071,735,0.00511
246,2072,2072,735,0.0041
246,2073,2073,735,0.00266
246,2074,2074,735,0.00077
246,2075,2075,735,0.00198
246,2076,2076,735,-0.00039
246,2077,2077,735,0.00091
246,2078,2078,735,-0.00169
246,2079,2079,735,-0.00369
246,2080,2080,735,-0.00101
246,2081,2081,735,-0.00228
246,2082,2082,735,0.00184
246,2083,2083,735,0.00311
246,2084,2084,735,0.00474
246,2085,2085,735,0.00428
246,2086,2086,735,0.00593
246,2087,2087,735,0.0056
246,2088,2088,735,0.00225
246,2089,2089,735,0.00102
246,2090,2090,735,-0.00161
246,2091,2091,735,-0.00219
246,2092,2092,735,-0.00118
246,2093,2093,735,0.00076
246,2094,2094,735,0.00139
246,2095,2095,735,0.0025
246,2096,2096,735,0.00368
246,2097,2097,735,0.0022
246,2098,2098,735,0.00262
246,2099,2099,735,0.00411
246,2100,2100,735,0.00087
246,2023,2023,755,0.00685
246,2024,2024,755,0.00649
246,2025,2025,755,0.00343
246,2026,2026,755,0.0018
246,2027,2027,755,0.0014
246,2028,2028,755,0.00234
246,2029,2029,755,0.00652
246,2030,2030,755,0.00618
246,2031,2031,755,0.0051
246,2032,2032,755,0.00358
246,2033,2033,755,0.00235
246,2034,2034,755,0.00308
246,2035,2035,755,0.00016
246,2036,2036,755,0.0017
246,2037,2037,755,0.00233
246,2038,2038,755,0.003
246,2039,2039,755,0.00159
246,2040,2040,755,-0.001
246,2041,2041,755,0.00114
246,2042,2042,755,0.001
246,2043,2043,755,-0.001
246,2044,2044,755,0.00111
246,2045,2045,755,0.00106
246,2046,2046,755,-0.00116
246,2047,2047,755,0.0024
246,2048,2048,755,0.00364
246,2049,2049,755,0.00315
246,2050,2050,755,0.00113
246,2051,2051,755,0.00076
246,2052,2052,755,0.00326
246,2053,2053,755,0.0022
246,2054,2054,755,0.00076
246,2055,2055,755,8e-05
246,2056,2056,755,-0.00124
246,2057,2057,755,-0.00317
246,2058,2058,755,-0.00026
246,2059,2059,755,0.00138
246,2060,2060,755,0.00126
246,2061,2061,755,-0.00026
246,2062,2062,755,-0.00109
246,2063,2063,755,-0.00111
246,2064,2064,755,0.00143
246,2065,2065,755,-3e-04
246,2066,2066,755,-0.00265
246,2067,2067,755,-0.00495
246,2068,2068,755,-0.00497
246,2069,2069,755,-0.00385
246,2070,2070,755,-0.00083
246,2071,2071,755,0.00221
246,2072,2072,755,0.00408
246,2073,2073,755,0.00318
246,2074,2074,755,0.00236
246,2075,2075,755,0.00411
246,2076,2076,755,0.00058
246,2077,2077,755,0.00062
246,2078,2078,755,0.00245
246,2079,2079,755,0.00049
246,2080,2080,755,-3e-05
246,2081,2081,755,-0.00089
246,2082,2082,755,-0.00029
246,2083,2083,755,0.00129
246,2084,2084,755,-0.00042
246,2085,2085,755,9e-04
246,2086,2086,755,0.0039
246,2087,2087,755,0.00273
246,2088,2088,755,0.00338
246,2089,2089,755,0.00336
246,2090,2090,755,0.00202
246,2091,2091,755,0.00024
246,2092,2092,755,0.00227
246,2093,2093,755,0.00382
246,2094,2094,755,0.00524
246,2095,2095,755,0.00297
246,2096,2096,755,0.00137
246,2097,2097,755,-0.00025
246,2098,2098,755,0.00232
246,2099,2099,755,0.00414
246,2100,2100,755,0.00501
246,2023,2023,776,0.00685
246,2024,2024,776,0.00165
246,2025,2025,776,-0.00013
246,2026,2026,776,-0.00387
246,2027,2027,776,-0.00145
246,2028,2028,776,-0.00381
246,2029,2029,776,-0.00404
246,2030,2030,776,-0.00405
246,2031,2031,776,-0.00192
246,2032,2032,776,0.00047
246,2033,2033,776,-0.00085
246,2034,2034,776,-0.00147
246,2035,2035,776,-0.00123
246,2036,2036,776,0.00098
246,2037,2037,776,0.00228
246,2038,2038,776,0.00261
246,2039,2039,776,0.00136
246,2040,2040,776,0.00076
246,2041,2041,776,0.00165
246,2042,2042,776,-0.00109
246,2043,2043,776,-0.00202
246,2044,2044,776,0.00149
246,2045,2045,776,0.00489
246,2046,2046,776,0.00514
246,2047,2047,776,0.00279
246,2048,2048,776,0.00341
246,2049,2049,776,0.00018
246,2050,2050,776,-0.00057
246,2051,2051,776,-0.00206
246,2052,2052,776,-0.00116
246,2053,2053,776,-0.00049
246,2054,2054,776,0.00322
246,2055,2055,776,0.00336
246,2056,2056,776,0.00398
246,2057,2057,776,0.00329
246,2058,2058,776,0.00041
246,2059,2059,776,0.00314
246,2060,2060,776,0.00409
246,2061,2061,776,0.00418
246,2062,2062,776,0.00295
246,2063,2063,776,3e-05
246,2064,2064,776,0.00327
246,2065,2065,776,0.00358
246,2066,2066,776,0.00304
246,2067,2067,776,0.00691
246,2068,2068,776,0.00665
246,2069,2069,776,0.00436
246,2070,2070,776,0.0035
246,2071,2071,776,0.00474
246,2072,2072,776,0.00668
246,2073,2073,776,0.00812
246,2074,2074,776,0.00753
246,2075,2075,776,0.00757
246,2076,2076,776,0.00428
246,2077,2077,776,0.00424
246,2078,2078,776,0.00435
246,2079,2079,776,0.00726
246,2080,2080,776,0.00699
246,2081,2081,776,0.0047
246,2082,2082,776,0.00578
246,2083,2083,776,0.00708
246,2084,2084,776,0.00607
246,2085,2085,776,0.00223
246,2086,2086,776,0.0026
246,2087,2087,776,-0.00179
246,2088,2088,776,0.00211
246,2089,2089,776,0.00119
246,2090,2090,776,-5e-05
246,2091,2091,776,-3e-05
246,2092,2092,776,-0.0023
246,2093,2093,776,-0.00527
246,2094,2094,776,-0.00333
246,2095,2095,776,-0.00075
246,2096,2096,776,0.00139
246,2097,2097,776,0.00393
246,2098,2098,776,0.00443
246,2099,2099,776,0.00669
246,2100,2100,776,0.00737
246,2023,2023,796,0.00685
246,2024,2024,796,0.00523
246,2025,2025,796,0.00284
246,2026,2026,796,0.00138
246,2027,2027,796,0.00436
246,2028,2028,796,0.00496
246,2029,2029,796,0.00644
246,2030,2030,796,0.00777
246,2031,2031,796,0.00815
246,2032,2032,796,0.00519
246,2033,2033,796,0.00574
246,2034,2034,796,0.00302
246,2035,2035,796,0.0022
246,2036,2036,796,0.00506
246,2037,2037,796,0.00208
246,2038,2038,796,-0.00217
246,2039,2039,796,-0.00011
246,2040,2040,796,-0.00027
246,2041,2041,796,-3e-04
246,2042,2042,796,-0.00118
246,2043,2043,796,0.00083
246,2044,2044,796,0.00193
246,2045,2045,796,0.00127
246,2046,2046,796,-0.00151
246,2047,2047,796,-0.00148
246,2048,2048,796,-0.00229
246,2049,2049,796,-0.00242
246,2050,2050,796,-0.00062
246,2051,2051,796,-0.00276
246,2052,2052,796,-0.00095
246,2053,2053,796,-0.00439
246,2054,2054,796,-0.00092
246,2055,2055,796,0.00038
246,2056,2056,796,0.00271
246,2057,2057,796,0.0023
246,2058,2058,796,0.00164
246,2059,2059,796,0.00154
246,2060,2060,796,-0.00116
246,2061,2061,796,-0.00108
246,2062,2062,796,0.00158
246,2063,2063,796,0.00325
246,2064,2064,796,-3e-05
246,2065,2065,796,-0.00199
246,2066,2066,796,0.00034
246,2067,2067,796,0.0023
246,2068,2068,796,-0.00115
246,2069,2069,796,0.00084
246,2070,2070,796,0.00021
246,2071,2071,796,0.00128
246,2072,2072,796,0.00038
246,2073,2073,796,-0.00111
246,2074,2074,796,-0.00018
246,2075,2075,796,-0.00318
246,2076,2076,796,-0.00211
246,2077,2077,796,-0.00533
246,2078,2078,796,-0.00391
246,2079,2079,796,-0.0031
246,2080,2080,796,-0.00426
246,2081,2081,796,-0.00249
246,2082,2082,796,-0.00088
246,2083,2083,796,-0.00201
246,2084,2084,796,-0.00278
246,2085,2085,796,0.00194
246,2086,2086,796,0.00043
246,2087,2087,796,0.0019
246,2088,2088,796,-0.00088
246,2089,2089,796,-0.00121
246,2090,2090,796,0.00086
246,2091,2091,796,6e-04
246,2092,2092,796,0.00089
246,2093,2093,796,0.00157
246,2094,2094,796,0.00064
246,2095,2095,796,-0.00183
246,2096,2096,796,0.00229
246,2097,2097,796,0.00164
246,2098,2098,796,-0.00053
246,2099,2099,796,-0.001
246,2100,2100,796,9e-05
246,2023,2023,817,0.00685
246,2024,2024,817,0.00225
246,2025,2025,817,-0.00136
246,2026,2026,817,-0.00115
246,2027,2027,817,-0.00113
246,2028,2028,817,-0.00303
246,2029,2029,817,-0.00253
246,2030,2030,817,-0.00483
246,2031,2031,817,-0.00232
246,2032,2032,817,-0.00093
246,2033,2033,817,0.00078
246,2034,2034,817,0.00194
246,2035,2035,817,-0.00081
246,2036,2036,817,0.00011
246,2037,2037,817,0.00028
246,2038,2038,817,0.00247
246,2039,2039,817,0.00458
246,2040,2040,817,0.00141
246,2041,2041,817,0.00374
246,2042,2042,817,0.00465
246,2043,2043,817,0.00577
246,2044,2044,817,0.00683
246,2045,2045,817,0.00804
246,2046,2046,817,0.00338
246,2047,2047,817,0.00375
246,2048,2048,817,0.00129
246,2049,2049,817,0.00391
246,2050,2050,817,0.00128
246,2051,2051,817,0.00122
246,2052,2052,817,0.0041
246,2053,2053,817,0.00046
246,2054,2054,817,0.0051
246,2055,2055,817,0.0064
246,2056,2056,817,0.00409
246,2057,2057,817,0.00149
246,2058,2058,817,-0.00116
246,2059,2059,817,0.00487
246,2060,2060,817,0.00404
246,2061,2061,817,0.00185
246,2062,2062,817,0.00197
246,2063,2063,817,0.0018
246,2064,2064,817,0.00293
246,2065,2065,817,0.00189
246,2066,2066,817,0.00145
246,2067,2067,817,0.00233
246,2068,2068,817,-0.00147
246,2069,2069,817,-0.00039
246,2070,2070,817,-9e-05
246,2071,2071,817,-0.00041
246,2072,2072,817,0.00397
246,2073,2073,817,0.00662
246,2074,2074,817,0.00666
246,2075,2075,817,0.00433
246,2076,2076,817,0.00554
246,2077,2077,817,0.00247
246,2078,2078,817,-0.00062
246,2079,2079,817,-0.00232
246,2080,2080,817,-0.00144
246,2081,2081,817,-0.00412
246,2082,2082,817,-0.00106
246,2083,2083,817,0.00301
246,2084,2084,817,0.00537
246,2085,2085,817,0.00378
246,2086,2086,817,0.00543
246,2087,2087,817,0.00927
246,2088,2088,817,0.00496
246,2089,2089,817,0.00567
246,2090,2090,817,-0.00038
246,2091,2091,817,0.00062
246,2092,2092,817,-0.00023
246,2093,2093,817,0.00306
246,2094,2094,817,0.00166
246,2095,2095,817,0.00117
246,2096,2096,817,0.00193
246,2097,2097,817,0.00189
246,2098,2098,817,0.00162
246,2099,2099,817,-0.00028
246,2100,2100,817,5e-05
246,2023,2023,837,0.00685
246,2024,2024,837,0.00251
246,2025,2025,837,0.00283
246,2026,2026,837,0.00371
246,2027,2027,837,0.00093
246,2028,2028,837,0.00111
246,2029,2029,837,0.00289
246,2030,2030,837,0.00213
246,2031,2031,837,0.00286
246,2032,2032,837,0.00438
246,2033,2033,837,-6e-05
246,2034,2034,837,0.00142
246,2035,2035,837,0.00066
246,2036,2036,837,0.00134
246,2037,2037,837,0.0017
246,2038,2038,837,0.00141
246,2039,2039,837,0.00568
246,2040,2040,837,0.00457
246,2041,2041,837,6e-04
246,2042,2042,837,0
246,2043,2043,837,0.00257
246,2044,2044,837,0.00073
246,2045,2045,837,0.00037
246,2046,2046,837,0.00172
246,2047,2047,837,0.00013
246,2048,2048,837,0.00225
246,2049,2049,837,0.00427
246,2050,2050,837,0.00409
246,2051,2051,837,0.00588
246,2052,2052,837,0.00813
246,2053,2053,837,0.00493
246,2054,2054,837,0.00519
246,2055,2055,837,0.00558
246,2056,2056,837,0.0044
246,2057,2057,837,0.00844
246,2058,2058,837,0.00446
246,2059,2059,837,0.00646
246,2060,2060,837,0.00787
246,2061,2061,837,0.00939
246,2062,2062,837,0.00964
246,2063,2063,837,0.00904
246,2064,2064,837,0.00928
246,2065,2065,837,0.00891
246,2066,2066,837,0.01214
246,2067,2067,837,0.00806
246,2068,2068,837,0.0049
246,2069,2069,837,0.00435
246,2070,2070,837,0.00462
246,2071,2071,837,0.00513
246,2072,2072,837,0.00815
246,2073,2073,837,0.00721
246,2074,2074,837,0.00865
246,2075,2075,837,0.00598
246,2076,2076,837,0.00347
246,2077,2077,837,0.00479
246,2078,2078,837,0.00468
246,2079,2079,837,0.00043
246,2080,2080,837,0.00155
246,2081,2081,837,-0.00044
246,2082,2082,837,-0.00185
246,2083,2083,837,-0.00011
246,2084,2084,837,3e-05
246,2085,2085,837,0.00289
246,2086,2086,837,0.00024
246,2087,2087,837,0.00214
246,2088,2088,837,0.00386
246,2089,2089,837,0.00607
246,2090,2090,837,0.00737
246,2091,2091,837,0.00567
246,2092,2092,837,0.0055
246,2093,2093,837,0.00265
246,2094,2094,837,0.0023
246,2095,2095,837,0.00411
246,2096,2096,837,0.0012
246,2097,2097,837,0.00329
246,2098,2098,837,0.00153
246,2099,2099,837,0.00303
246,2100,2100,837,0.00077
246,2023,2023,857,0.00685
246,2024,2024,857,0.0025
246,2025,2025,857,-0.00103
246,2026,2026,857,-0.00061
246,2027,2027,857,0.00256
246,2028,2028,857,0.00029
246,2029,2029,857,0.00071
246,2030,2030,857,-0.00052
246,2031,2031,857,-0.00062
246,2032,2032,857,-0.00037
246,2033,2033,857,-0.00086
246,2034,2034,857,-0.00016
246,2035,2035,857,-0.00093
246,2036,2036,857,0.00058
246,2037,2037,857,0.00171
246,2038,2038,857,0.00285
246,2039,2039,857,0.00412
246,2040,2040,857,0.00364
246,2041,2041,857,0.0042
246,2042,2042,857,0.00588
246,2043,2043,857,0.00613
246,2044,2044,857,0.0058
246,2045,2045,857,0.00564
246,2046,2046,857,0.00379
246,2047,2047,857,0.00575
246,2048,2048,857,0.00559
246,2049,2049,857,0.00615
246,2050,2050,857,0.0045
246,2051,2051,857,0.0012
246,2052,2052,857,0.00153
246,2053,2053,857,-8e-04
246,2054,2054,857,-0.00036
246,2055,2055,857,-0.00023
246,2056,2056,857,0.00099
246,2057,2057,857,0.00152
246,2058,2058,857,0.00323
246,2059,2059,857,-0.00199
246,2060,2060,857,-0.00144
246,2061,2061,857,-0.00126
246,2062,2062,857,-8e-04
246,2063,2063,857,-0.00167
246,2064,2064,857,-0.00102
246,2065,2065,857,0.00124
246,2066,2066,857,0.00202
246,2067,2067,857,0.0034
246,2068,2068,857,0.00321
246,2069,2069,857,0.00513
246,2070,2070,857,0.00856
246,2071,2071,857,0.00887
246,2072,2072,857,0.01159
246,2073,2073,857,0.00824
246,2074,2074,857,0.00885
246,2075,2075,857,0.00907
246,2076,2076,857,0.00494
246,2077,2077,857,0.00628
246,2078,2078,857,0.00825
246,2079,2079,857,0.0079
246,2080,2080,857,0.00432
246,2081,2081,857,0.00333
246,2082,2082,857,0.00322
246,2083,2083,857,0.00082
246,2084,2084,857,-9e-05
246,2085,2085,857,-0.00061
246,2086,2086,857,0.00182
246,2087,2087,857,0.00371
246,2088,2088,857,0.0056
246,2089,2089,857,0.00454
246,2090,2090,857,0.00485
246,2091,2091,857,0.00552
246,2092,2092,857,0.0025
246,2093,2093,857,-0.00027
246,2094,2094,857,-0.00037
246,2095,2095,857,0.00106
246,2096,2096,857,0.00381
246,2097,2097,857,0.00272
246,2098,2098,857,0.0058
246,2099,2099,857,0.00549
246,2100,2100,857,0.00478
246,2023,2023,878,0.00685
246,2024,2024,878,0.00486
246,2025,2025,878,0.00075
246,2026,2026,878,0.00182
246,2027,2027,878,0.00255
246,2028,2028,878,0.00179
246,2029,2029,878,0.00329
246,2030,2030,878,0.00469
246,2031,2031,878,0.00629
246,2032,2032,878,0.00829
246,2033,2033,878,0.00775
246,2034,2034,878,0.00451
246,2035,2035,878,0.00675
246,2036,2036,878,0.00821
246,2037,2037,878,0.00879
246,2038,2038,878,0.01076
246,2039,2039,878,0.00885
246,2040,2040,878,0.00626
246,2041,2041,878,0.00639
246,2042,2042,878,0.0056
246,2043,2043,878,0.00289
246,2044,2044,878,0.00446
246,2045,2045,878,0.00521
246,2046,2046,878,0.00462
246,2047,2047,878,0.00233
246,2048,2048,878,0.00665
246,2049,2049,878,0.00486
246,2050,2050,878,0.00202
246,2051,2051,878,0.00284
246,2052,2052,878,0.00093
246,2053,2053,878,0.00468
246,2054,2054,878,0.003
246,2055,2055,878,0.00199
246,2056,2056,878,0.00084
246,2057,2057,878,0.00235
246,2058,2058,878,0.00163
246,2059,2059,878,0.00115
246,2060,2060,878,0.00171
246,2061,2061,878,0.00051
246,2062,2062,878,0.00433
246,2063,2063,878,0.00544
246,2064,2064,878,0.00277
246,2065,2065,878,0.00285
246,2066,2066,878,0.00235
246,2067,2067,878,0.00367
246,2068,2068,878,0.00553
246,2069,2069,878,0.00459
246,2070,2070,878,0.00364
246,2071,2071,878,1e-05
246,2072,2072,878,0.0026
246,2073,2073,878,0.00253
246,2074,2074,878,0.00292
246,2075,2075,878,0.00116
246,2076,2076,878,-0.00793
246,2077,2077,878,-0.00456
246,2078,2078,878,-0.00164
246,2079,2079,878,0.0018
246,2080,2080,878,-6e-04
246,2081,2081,878,-7e-04
246,2082,2082,878,0.00181
246,2083,2083,878,0.00539
246,2084,2084,878,0.00631
246,2085,2085,878,0.00353
246,2086,2086,878,0.00299
246,2087,2087,878,0.00087
246,2088,2088,878,0.00021
246,2089,2089,878,0.00419
246,2090,2090,878,0.0031
246,2091,2091,878,0.00246
246,2092,2092,878,-0.00046
246,2093,2093,878,-0.00131
246,2094,2094,878,0.00288
246,2095,2095,878,0.00203
246,2096,2096,878,0.00277
246,2097,2097,878,0.00201
246,2098,2098,878,0.00099
246,2099,2099,878,-0.00143
246,2100,2100,878,-0.00397
246,2023,2023,898,0.00685
246,2024,2024,898,0.007
246,2025,2025,898,0.00239
246,2026,2026,898,-0.00158
246,2027,2027,898,-0.00065
246,2028,2028,898,-9e-04
246,2029,2029,898,0.00424
246,2030,2030,898,0.00306
246,2031,2031,898,0.00249
246,2032,2032,898,0.0012
246,2033,2033,898,0.0022
246,2034,2034,898,-0.00193
246,2035,2035,898,-0.00317
246,2036,2036,898,-0.00072
246,2037,2037,898,-0.00143
246,2038,2038,898,0.00311
246,2039,2039,898,-0.00049
246,2040,2040,898,-0.00062
246,2041,2041,898,0.00175
246,2042,2042,898,0.00457
246,2043,2043,898,0.00526
246,2044,2044,898,0.00377
246,2045,2045,898,0.005
246,2046,2046,898,0.00453
246,2047,2047,898,0.00134
246,2048,2048,898,-0.0011
246,2049,2049,898,0.00207
246,2050,2050,898,0.00411
246,2051,2051,898,0.00179
246,2052,2052,898,0.00358
246,2053,2053,898,0.00231
246,2054,2054,898,0.00257
246,2055,2055,898,0.00322
246,2056,2056,898,0.0026
246,2057,2057,898,0.00294
246,2058,2058,898,0.00546
246,2059,2059,898,0.0047
246,2060,2060,898,0.00508
246,2061,2061,898,0.00595
246,2062,2062,898,0.00657
246,2063,2063,898,0.00571
246,2064,2064,898,-9e-05
246,2065,2065,898,-0.00063
246,2066,2066,898,0.00061
246,2067,2067,898,-0.00163
246,2068,2068,898,-0.00178
246,2069,2069,898,-0.00172
246,2070,2070,898,-0.0015
246,2071,2071,898,-0.00248
246,2072,2072,898,-0.00214
246,2073,2073,898,0.00023
246,2074,2074,898,-1e-04
246,2075,2075,898,-0.00082
246,2076,2076,898,0.00042
246,2077,2077,898,0.00252
246,2078,2078,898,0.00275
246,2079,2079,898,0.00169
246,2080,2080,898,-0.00155
246,2081,2081,898,-0.00028
246,2082,2082,898,-0.00121
246,2083,2083,898,0.00209
246,2084,2084,898,0.00333
246,2085,2085,898,0.00471
246,2086,2086,898,0.00113
246,2087,2087,898,-0.00166
246,2088,2088,898,-0.00386
246,2089,2089,898,-0.00599
246,2090,2090,898,-0.00415
246,2091,2091,898,-0.00427
246,2092,2092,898,-0.00342
246,2093,2093,898,-0.003
246,2094,2094,898,-0.00022
246,2095,2095,898,0.00308
246,2096,2096,898,0.00205
246,2097,2097,898,0.00361
246,2098,2098,898,0.00434
246,2099,2099,898,0.00588
246,2100,2100,898,0.00089
246,2023,2023,918,0.00685
246,2024,2024,918,0.00319
246,2025,2025,918,0.00125
246,2026,2026,918,0.00039
246,2027,2027,918,-0.00385
246,2028,2028,918,-0.00322
246,2029,2029,918,-0.00466
246,2030,2030,918,0.00011
246,2031,2031,918,0.00085
246,2032,2032,918,0.00199
246,2033,2033,918,0.00251
246,2034,2034,918,0.0014
246,2035,2035,918,-0.00022
246,2036,2036,918,0.00039
246,2037,2037,918,0.00208
246,2038,2038,918,-0.00142
246,2039,2039,918,-0.00049
246,2040,2040,918,0.00119
246,2041,2041,918,0.00092
246,2042,2042,918,0.0039
246,2043,2043,918,0.0064
246,2044,2044,918,0.00589
246,2045,2045,918,0.00974
246,2046,2046,918,0.00716
246,2047,2047,918,0.0041
246,2048,2048,918,0.00369
246,2049,2049,918,0.00128
246,2050,2050,918,0.0025
246,2051,2051,918,4e-05
246,2052,2052,918,-0.00069
246,2053,2053,918,0.00112
246,2054,2054,918,-0.00266
246,2055,2055,918,-0.00354
246,2056,2056,918,-0.0013
246,2057,2057,918,-0.00172
246,2058,2058,918,-0.00188
246,2059,2059,918,0.00025
246,2060,2060,918,0.00396
246,2061,2061,918,0.00279
246,2062,2062,918,0.00141
246,2063,2063,918,0.00035
246,2064,2064,918,-0.00091
246,2065,2065,918,-0.00214
246,2066,2066,918,-0.00335
246,2067,2067,918,-0.00246
246,2068,2068,918,-0.00268
246,2069,2069,918,-0.00174
246,2070,2070,918,-0.0042
246,2071,2071,918,-0.00336
246,2072,2072,918,-1e-04
246,2073,2073,918,0.00212
246,2074,2074,918,-0.00081
246,2075,2075,918,0.00058
246,2076,2076,918,0.00069
246,2077,2077,918,0.00469
246,2078,2078,918,0.00175
246,2079,2079,918,0.00231
246,2080,2080,918,0.00043
246,2081,2081,918,0.0012
246,2082,2082,918,7e-05
246,2083,2083,918,0.00291
246,2084,2084,918,0.00236
246,2085,2085,918,0.00178
246,2086,2086,918,0.00689
246,2087,2087,918,0.00334
246,2088,2088,918,0.00648
246,2089,2089,918,0.00439
246,2090,2090,918,0.00167
246,2091,2091,918,0.00381
246,2092,2092,918,0.00762
246,2093,2093,918,0.00596
246,2094,2094,918,0.00546
246,2095,2095,918,0.0053
246,2096,2096,918,-0.00076
246,2097,2097,918,0.00321
246,2098,2098,918,0.00453
246,2099,2099,918,0.00202
246,2100,2100,918,0.00038
246,2023,2023,939,0.00685
246,2024,2024,939,0.0062
246,2025,2025,939,0.00484
246,2026,2026,939,0.00388
246,2027,2027,939,0.00289
246,2028,2028,939,0.00067
246,2029,2029,939,0.00165
246,2030,2030,939,0.00296
246,2031,2031,939,0.00224
246,2032,2032,939,0.00297
246,2033,2033,939,0.00188
246,2034,2034,939,0.00163
246,2035,2035,939,0.00298
246,2036,2036,939,0.00303
246,2037,2037,939,0.00288
246,2038,2038,939,0.00247
246,2039,2039,939,0.00196
246,2040,2040,939,-0.00133
246,2041,2041,939,-0.00112
246,2042,2042,939,0.00048
246,2043,2043,939,-0.00026
246,2044,2044,939,0.00312
246,2045,2045,939,0.00583
246,2046,2046,939,0.00535
246,2047,2047,939,0.00406
246,2048,2048,939,0.00573
246,2049,2049,939,0.00576
246,2050,2050,939,0.00724
246,2051,2051,939,0.00598
246,2052,2052,939,0.00613
246,2053,2053,939,0.00345
246,2054,2054,939,0.00219
246,2055,2055,939,0.00352
246,2056,2056,939,0.00418
246,2057,2057,939,0.00355
246,2058,2058,939,0.00594
246,2059,2059,939,0.00566
246,2060,2060,939,0.00695
246,2061,2061,939,0.00413
246,2062,2062,939,0.00318
246,2063,2063,939,0.00357
246,2064,2064,939,0.00448
246,2065,2065,939,0.00459
246,2066,2066,939,0.00488
246,2067,2067,939,0.00682
246,2068,2068,939,0.00423
246,2069,2069,939,0.00352
246,2070,2070,939,0.00161
246,2071,2071,939,0.00343
246,2072,2072,939,0.00161
246,2073,2073,939,0.00251
246,2074,2074,939,0.00428
246,2075,2075,939,0.00306
246,2076,2076,939,0.00318
246,2077,2077,939,0.00345
246,2078,2078,939,0.00361
246,2079,2079,939,0.00424
246,2080,2080,939,0.00602
246,2081,2081,939,0.00462
246,2082,2082,939,0.0056
246,2083,2083,939,0.00231
246,2084,2084,939,0.00324
246,2085,2085,939,0.0038
246,2086,2086,939,0.0018
246,2087,2087,939,0.00248
246,2088,2088,939,0.00259
246,2089,2089,939,0.00235
246,2090,2090,939,0.00234
246,2091,2091,939,0.00293
246,2092,2092,939,0.00331
246,2093,2093,939,0.00552
246,2094,2094,939,0.00479
246,2095,2095,939,0.00119
246,2096,2096,939,0.00104
246,2097,2097,939,0.00148
246,2098,2098,939,0.00133
246,2099,2099,939,0.00264
246,2100,2100,939,0.00327
246,2023,2023,959,0.00685
246,2024,2024,959,0.0036
246,2025,2025,959,0.00303
246,2026,2026,959,0.00103
246,2027,2027,959,0.00149
246,2028,2028,959,0.00073
246,2029,2029,959,6e-04
246,2030,2030,959,-0.00173
246,2031,2031,959,0.00061
246,2032,2032,959,0.00127
246,2033,2033,959,0.00114
246,2034,2034,959,0.00079
246,2035,2035,959,-0.00095
246,2036,2036,959,7e-04
246,2037,2037,959,-0.00094
246,2038,2038,959,7e-04
246,2039,2039,959,-6e-04
246,2040,2040,959,-0.00336
246,2041,2041,959,-0.00165
246,2042,2042,959,-0.00012
246,2043,2043,959,-0.00237
246,2044,2044,959,-0.00275
246,2045,2045,959,-0.00235
246,2046,2046,959,0.00268
246,2047,2047,959,0.00416
246,2048,2048,959,0.00731
246,2049,2049,959,0.00818
246,2050,2050,959,0.01006
246,2051,2051,959,0.00774
246,2052,2052,959,0.00901
246,2053,2053,959,0.00952
246,2054,2054,959,0.01028
246,2055,2055,959,0.00622
246,2056,2056,959,0.00184
246,2057,2057,959,0.00189
246,2058,2058,959,0.00196
246,2059,2059,959,-0.00062
246,2060,2060,959,0.00047
246,2061,2061,959,0.00134
246,2062,2062,959,0.00171
246,2063,2063,959,0.00498
246,2064,2064,959,0.0046
246,2065,2065,959,0.0033
246,2066,2066,959,0.00369
246,2067,2067,959,0.00559
246,2068,2068,959,0.00646
246,2069,2069,959,0.00798
246,2070,2070,959,0.0064
246,2071,2071,959,0.00887
246,2072,2072,959,0.00906
246,2073,2073,959,0.01142
246,2074,2074,959,0.00883
246,2075,2075,959,0.01192
246,2076,2076,959,0.00994
246,2077,2077,959,0.00718
246,2078,2078,959,0.00202
246,2079,2079,959,-0.00109
246,2080,2080,959,-0.00307
246,2081,2081,959,-0.00053
246,2082,2082,959,0.00407
246,2083,2083,959,0.00507
246,2084,2084,959,0.00394
246,2085,2085,959,0.00146
246,2086,2086,959,0.00274
246,2087,2087,959,0.00087
246,2088,2088,959,-0.00162
246,2089,2089,959,-0.00068
246,2090,2090,959,0.00072
246,2091,2091,959,-0.00135
246,2092,2092,959,0.00027
246,2093,2093,959,-0.00119
246,2094,2094,959,-0.00048
246,2095,2095,959,-0.00101
246,2096,2096,959,-0.00269
246,2097,2097,959,-0.00467
246,2098,2098,959,-0.00286
246,2099,2099,959,0.00118
246,2100,2100,959,0.00046
246,2023,2023,980,0.00685
246,2024,2024,980,0.00509
246,2025,2025,980,0.00495
246,2026,2026,980,0.00369
246,2027,2027,980,0.00547
246,2028,2028,980,0.00488
246,2029,2029,980,0.00692
246,2030,2030,980,0.00497
246,2031,2031,980,0.00505
246,2032,2032,980,0.00418
246,2033,2033,980,0.00266
246,2034,2034,980,0.00314
246,2035,2035,980,0.00463
246,2036,2036,980,0.00552
246,2037,2037,980,0.00463
246,2038,2038,980,0.00684
246,2039,2039,980,0.00495
246,2040,2040,980,0.00342
246,2041,2041,980,0.00464
246,2042,2042,980,0.00698
246,2043,2043,980,0.00452
246,2044,2044,980,0.00644
246,2045,2045,980,0.00828
246,2046,2046,980,0.00835
246,2047,2047,980,0.00821
246,2048,2048,980,0.00829
246,2049,2049,980,0.00842
246,2050,2050,980,0.00805
246,2051,2051,980,0.00944
246,2052,2052,980,0.01042
246,2053,2053,980,0.0093
246,2054,2054,980,0.00889
246,2055,2055,980,0.00737
246,2056,2056,980,0.00623
246,2057,2057,980,0.0065
246,2058,2058,980,0.00786
246,2059,2059,980,0.00788
246,2060,2060,980,0.00731
246,2061,2061,980,0.00939
246,2062,2062,980,0.00933
246,2063,2063,980,0.00639
246,2064,2064,980,0.00521
246,2065,2065,980,0.00471
246,2066,2066,980,0.00388
246,2067,2067,980,0.00227
246,2068,2068,980,0.00445
246,2069,2069,980,0.00478
246,2070,2070,980,0.00359
246,2071,2071,980,0.00472
246,2072,2072,980,0.00533
246,2073,2073,980,0.00336
246,2074,2074,980,0.00398
246,2075,2075,980,0.00292
246,2076,2076,980,-0.00033
246,2077,2077,980,-0.00231
246,2078,2078,980,-0.00173
246,2079,2079,980,-0.0028
246,2080,2080,980,-0.00529
246,2081,2081,980,-0.00444
246,2082,2082,980,-0.00242
246,2083,2083,980,0.00208
246,2084,2084,980,0.0016
246,2085,2085,980,0.00211
246,2086,2086,980,0.00104
246,2087,2087,980,-0.00084
246,2088,2088,980,0.00187
246,2089,2089,980,2e-05
246,2090,2090,980,-0.00048
246,2091,2091,980,0.00038
246,2092,2092,980,-0.00058
246,2093,2093,980,-0.00167
246,2094,2094,980,-1e-04
246,2095,2095,980,-0.00085
246,2096,2096,980,3e-05
246,2097,2097,980,0.00103
246,2098,2098,980,0.00355
246,2099,2099,980,0.00258
246,2100,2100,980,0.00223
246,2023,2023,1000,0.00685
246,2024,2024,1000,0.00509
246,2025,2025,1000,0.00358
246,2026,2026,1000,0.00182
246,2027,2027,1000,0.00089
246,2028,2028,1000,-0.00093
246,2029,2029,1000,0.00019
246,2030,2030,1000,-0.00076
246,2031,2031,1000,-0.00328
246,2032,2032,1000,-0.00414
246,2033,2033,1000,-0.00465
246,2034,2034,1000,-0.0055
246,2035,2035,1000,-0.00421
246,2036,2036,1000,-0.00332
246,2037,2037,1000,-0.0038
246,2038,2038,1000,-0.00297
246,2039,2039,1000,-0.00381
246,2040,2040,1000,-0.00641
246,2041,2041,1000,-0.0055
246,2042,2042,1000,-0.00122
246,2043,2043,1000,-0.00062
246,2044,2044,1000,0.00059
246,2045,2045,1000,0.00175
246,2046,2046,1000,0.00137
246,2047,2047,1000,-0.00079
246,2048,2048,1000,0.00243
246,2049,2049,1000,0.00265
246,2050,2050,1000,0.00402
246,2051,2051,1000,0.00042
246,2052,2052,1000,0.00182
246,2053,2053,1000,0.00277
246,2054,2054,1000,0.00181
246,2055,2055,1000,0.00352
246,2056,2056,1000,0.00263
246,2057,2057,1000,0.00138
246,2058,2058,1000,0.00156
246,2059,2059,1000,0.00044
246,2060,2060,1000,-0.00168
246,2061,2061,1000,-0.00224
246,2062,2062,1000,-0.00257
246,2063,2063,1000,-0.00345
246,2064,2064,1000,-0.00305
246,2065,2065,1000,-0.00223
246,2066,2066,1000,-0.00321
246,2067,2067,1000,-0.00271
246,2068,2068,1000,-0.0053
246,2069,2069,1000,-0.00323
246,2070,2070,1000,-0.00355
246,2071,2071,1000,-0.00466
246,2072,2072,1000,-0.00478
246,2073,2073,1000,-0.00586
246,2074,2074,1000,-0.00317
246,2075,2075,1000,7e-05
246,2076,2076,1000,-0.00296
246,2077,2077,1000,-0.00147
246,2078,2078,1000,0.00119
246,2079,2079,1000,0.00247
246,2080,2080,1000,0.00085
246,2081,2081,1000,0.00211
246,2082,2082,1000,-0.00228
246,2083,2083,1000,-0.00043
246,2084,2084,1000,-0.00165
246,2085,2085,1000,-0.00205
246,2086,2086,1000,-6e-05
246,2087,2087,1000,-0.00201
246,2088,2088,1000,-0.00165
246,2089,2089,1000,-0.00101
246,2090,2090,1000,0.00029
246,2091,2091,1000,0.00012
246,2092,2092,1000,0.00134
246,2093,2093,1000,-0.00022
246,2094,2094,1000,-0.00126
246,2095,2095,1000,0.0013
246,2096,2096,1000,0.00176
246,2097,2097,1000,0.00306
246,2098,2098,1000,0.00349
246,2099,2099,1000,0.00319
246,2100,2100,1000,0.00506
